<?xml version="1.0" encoding="UTF-8" ?>
<!-- This is a WordPress eXtended RSS file generated by WordPress as an export of your site. -->
<!-- It contains information about your site's posts, pages, comments, categories, and other content. -->
<!-- You may use this file to transfer that content from one site to another. -->
<!-- This file is not intended to serve as a complete backup of your site. -->

<!-- To import this information into a WordPress site follow these steps: -->
<!-- 1. Log in to that site as an administrator. -->
<!-- 2. Go to Tools: Import in the WordPress admin panel. -->
<!-- 3. Install the "WordPress" importer from the list. -->
<!-- 4. Activate & Run Importer. -->
<!-- 5. Upload this file using the form provided on that page. -->
<!-- 6. You will first be asked to map the authors in this export file to users -->
<!--    on the site. For each author, you may choose to map to an -->
<!--    existing user on the site or to create a new user. -->
<!-- 7. WordPress will then import each of the posts, pages, comments, categories, etc. -->
<!--    contained in this file into your site. -->

	<!-- generator="WordPress.com" created="2025-12-03 01:55"-->
<rss version="2.0"
	xmlns:excerpt="http://wordpress.org/export/1.2/excerpt/"
	xmlns:content="http://purl.org/rss/1.0/modules/content/"
	xmlns:wfw="http://wellformedweb.org/CommentAPI/"
	xmlns:dc="http://purl.org/dc/elements/1.1/"
	xmlns:wp="http://wordpress.org/export/1.2/"
>

<channel>
	<title>Jogos indies</title>
	<link>https://davidfernandoferreiramoura2009-srjfb.wordpress.com</link>
	<description></description>
	<pubDate>Wed, 03 Dec 2025 01:55:27 +0000</pubDate>
	<language>en</language>
	<wp:wxr_version>1.2</wp:wxr_version>
	<wp:base_site_url>https://wordpress.com/</wp:base_site_url>
	<wp:base_blog_url>https://davidfernandoferreiramoura2009-srjfb.wordpress.com</wp:base_blog_url>

		<wp:author><wp:author_id>274540702</wp:author_id><wp:author_login><![CDATA[davidfernandoferreiramoura2009]]></wp:author_login><wp:author_email><![CDATA[davidfernandoferreiramoura2009@gmail.com]]></wp:author_email><wp:author_display_name><![CDATA[D4vd]]></wp:author_display_name><wp:author_first_name><![CDATA[]]></wp:author_first_name><wp:author_last_name><![CDATA[]]></wp:author_last_name></wp:author>

		<wp:category>
		<wp:term_id>1</wp:term_id>
		<wp:category_nicename><![CDATA[uncategorized]]></wp:category_nicename>
		<wp:category_parent><![CDATA[]]></wp:category_parent>
		<wp:cat_name><![CDATA[Uncategorized]]></wp:cat_name>
	</wp:category>
				
	<generator>http://wordpress.com/</generator>
<site xmlns="com-wordpress:feed-additions:1">250668006</site><image>
		<url>https://s0.wp.com/i/buttonw-com.png</url>
		<title>Jogos indies</title>
		<link>https://davidfernandoferreiramoura2009-srjfb.wordpress.com</link>
	</image>
	
		<item>
		<title><![CDATA[About]]></title>
		<link>https://davidfernandoferreiramoura2009-srjfb.wordpress.com/?page_id=1</link>
		<pubDate>Tue, 02 Dec 2025 22:55:33 +0000</pubDate>
		<dc:creator><![CDATA[davidfernandoferreiramoura2009]]></dc:creator>
		<guid isPermaLink="false">http://davidfernandoferreiramoura2009-srjfb.wordpress.com/?page_id=1</guid>
		<description></description>
		<content:encoded><![CDATA[<!-- wp:paragraph -->
<p>This is an example of a page. Unlike posts, which are displayed on your blog’s front page in the order they’re published, pages are better suited for more timeless content that you want to be easily accessible, like your About or Contact information. Click the Edit link to make changes to this page or <a title="Direct link to Add New Page in your Dashboard" href="https://wordpress.com/page/250668006/new/">add another page</a>.</p>
<!-- /wp:paragraph -->]]></content:encoded>
		<excerpt:encoded><![CDATA[]]></excerpt:encoded>
		<wp:post_id>1</wp:post_id>
		<wp:post_date><![CDATA[2025-12-02 22:55:33]]></wp:post_date>
		<wp:post_date_gmt><![CDATA[2025-12-02 22:55:33]]></wp:post_date_gmt>
		<wp:post_modified><![CDATA[2025-12-02 20:20:52]]></wp:post_modified>
		<wp:post_modified_gmt><![CDATA[2025-12-02 23:20:52]]></wp:post_modified_gmt>
		<wp:comment_status><![CDATA[closed]]></wp:comment_status>
		<wp:ping_status><![CDATA[open]]></wp:ping_status>
		<wp:post_name><![CDATA[about__trashed]]></wp:post_name>
		<wp:status><![CDATA[trash]]></wp:status>
		<wp:post_parent>0</wp:post_parent>
		<wp:menu_order>0</wp:menu_order>
		<wp:post_type><![CDATA[page]]></wp:post_type>
		<wp:post_password><![CDATA[]]></wp:post_password>
		<wp:is_sticky>0</wp:is_sticky>
														<wp:postmeta>
		<wp:meta_key><![CDATA[_wp_page_template]]></wp:meta_key>
		<wp:meta_value><![CDATA[default]]></wp:meta_value>
		</wp:postmeta>
							<wp:postmeta>
		<wp:meta_key><![CDATA[_elasticsearch_data_sharing_indexed_on]]></wp:meta_key>
		<wp:meta_value><![CDATA[2025-12-02 22:55:48]]></wp:meta_value>
		</wp:postmeta>
							<wp:postmeta>
		<wp:meta_key><![CDATA[_wp_trash_meta_status]]></wp:meta_key>
		<wp:meta_value><![CDATA[publish]]></wp:meta_value>
		</wp:postmeta>
							<wp:postmeta>
		<wp:meta_key><![CDATA[_wp_trash_meta_time]]></wp:meta_key>
		<wp:meta_value><![CDATA[1764717652]]></wp:meta_value>
		</wp:postmeta>
							<wp:postmeta>
		<wp:meta_key><![CDATA[_wp_desired_post_slug]]></wp:meta_key>
		<wp:meta_value><![CDATA[about]]></wp:meta_value>
		</wp:postmeta>
							</item>
					<item>
		<title><![CDATA[Custom Styles]]></title>
		<link>https://davidfernandoferreiramoura2009-srjfb.wordpress.com/2025/12/02/wp-global-styles-pub%2fbedrock/</link>
		<pubDate>Tue, 02 Dec 2025 22:55:35 +0000</pubDate>
		<dc:creator><![CDATA[davidfernandoferreiramoura2009]]></dc:creator>
		<guid isPermaLink="false">https://davidfernandoferreiramoura2009-srjfb.wordpress.com/2025/12/02/wp-global-styles-pub%2fbedrock/</guid>
		<description></description>
		<content:encoded><![CDATA[{"version":3,"isGlobalStylesUserThemeJSON":true}]]></content:encoded>
		<excerpt:encoded><![CDATA[]]></excerpt:encoded>
		<wp:post_id>2</wp:post_id>
		<wp:post_date><![CDATA[2025-12-02 22:55:35]]></wp:post_date>
		<wp:post_date_gmt><![CDATA[2025-12-02 22:55:35]]></wp:post_date_gmt>
		<wp:post_modified><![CDATA[2025-12-02 19:56:07]]></wp:post_modified>
		<wp:post_modified_gmt><![CDATA[2025-12-02 22:56:07]]></wp:post_modified_gmt>
		<wp:comment_status><![CDATA[closed]]></wp:comment_status>
		<wp:ping_status><![CDATA[closed]]></wp:ping_status>
		<wp:post_name><![CDATA[wp-global-styles-pub%2fbedrock]]></wp:post_name>
		<wp:status><![CDATA[publish]]></wp:status>
		<wp:post_parent>0</wp:post_parent>
		<wp:menu_order>0</wp:menu_order>
		<wp:post_type><![CDATA[wp_global_styles]]></wp:post_type>
		<wp:post_password><![CDATA[]]></wp:post_password>
		<wp:is_sticky>0</wp:is_sticky>
										<category domain="wp_theme" nicename="pub-bedrock"><![CDATA[pub/bedrock]]></category>
						<wp:postmeta>
		<wp:meta_key><![CDATA[_publicize_pending]]></wp:meta_key>
		<wp:meta_value><![CDATA[1]]></wp:meta_value>
		</wp:postmeta>
							</item>
					<item>
		<title><![CDATA[The Art of Connection]]></title>
		<link>https://davidfernandoferreiramoura2009-srjfb.wordpress.com/2025/12/02/the-art-of-connection/</link>
		<pubDate>Tue, 02 Dec 2025 22:51:08 +0000</pubDate>
		<dc:creator><![CDATA[davidfernandoferreiramoura2009]]></dc:creator>
		<guid isPermaLink="false">https://davidfernandoferreiramoura2009-srjfb.wordpress.com/2025/12/02/the-art-of-connection/</guid>
		<description></description>
		<content:encoded><![CDATA[<!-- wp:paragraph -->
<p>Welcome to WordPress! This is a sample post. Edit or delete it to take the first step in your blogging journey. To add more content here, click the small plus icon at the top left corner. There, you will find an existing selection of WordPress blocks and patterns, something to suit your every need for content creation. And don’t forget to check out the List View: click the icon a few spots to the right of the plus icon and you’ll get a tidy, easy-to-view list of the blocks and patterns in your post.</p>
<!-- /wp:paragraph -->]]></content:encoded>
		<excerpt:encoded><![CDATA[In the ever-evolving world, the art of forging genuine connections remains timeless. Whether it’s with colleagues, clients, or partners, establishing a genuine rapport paves the way for collaborative success.]]></excerpt:encoded>
		<wp:post_id>5</wp:post_id>
		<wp:post_date><![CDATA[2025-12-02 19:51:08]]></wp:post_date>
		<wp:post_date_gmt><![CDATA[2025-12-02 22:51:08]]></wp:post_date_gmt>
		<wp:post_modified><![CDATA[2025-12-02 19:51:08]]></wp:post_modified>
		<wp:post_modified_gmt><![CDATA[2025-12-02 22:51:08]]></wp:post_modified_gmt>
		<wp:comment_status><![CDATA[closed]]></wp:comment_status>
		<wp:ping_status><![CDATA[closed]]></wp:ping_status>
		<wp:post_name><![CDATA[the-art-of-connection]]></wp:post_name>
		<wp:status><![CDATA[publish]]></wp:status>
		<wp:post_parent>0</wp:post_parent>
		<wp:menu_order>0</wp:menu_order>
		<wp:post_type><![CDATA[post]]></wp:post_type>
		<wp:post_password><![CDATA[]]></wp:post_password>
		<wp:is_sticky>0</wp:is_sticky>
										<category domain="category" nicename="uncategorized"><![CDATA[Uncategorized]]></category>
						<wp:postmeta>
		<wp:meta_key><![CDATA[_headstart_post]]></wp:meta_key>
		<wp:meta_value><![CDATA[_hs_extra]]></wp:meta_value>
		</wp:postmeta>
							<wp:postmeta>
		<wp:meta_key><![CDATA[sharing_disabled]]></wp:meta_key>
		<wp:meta_value><![CDATA[a:1:{i:0;N;}]]></wp:meta_value>
		</wp:postmeta>
							<wp:postmeta>
		<wp:meta_key><![CDATA[switch_like_status]]></wp:meta_key>
		<wp:meta_value><![CDATA[a:1:{i:0;N;}]]></wp:meta_value>
		</wp:postmeta>
							<wp:postmeta>
		<wp:meta_key><![CDATA[_starter_page_template]]></wp:meta_key>
		<wp:meta_value><![CDATA[]]></wp:meta_value>
		</wp:postmeta>
							<wp:postmeta>
		<wp:meta_key><![CDATA[_hs_old_id]]></wp:meta_key>
		<wp:meta_value><![CDATA[]]></wp:meta_value>
		</wp:postmeta>
							<wp:postmeta>
		<wp:meta_key><![CDATA[_wpas_skip_all_services]]></wp:meta_key>
		<wp:meta_value><![CDATA[1]]></wp:meta_value>
		</wp:postmeta>
							<wp:postmeta>
		<wp:meta_key><![CDATA[_publicize_pending]]></wp:meta_key>
		<wp:meta_value><![CDATA[1]]></wp:meta_value>
		</wp:postmeta>
							<wp:postmeta>
		<wp:meta_key><![CDATA[_thumbnail_id]]></wp:meta_key>
		<wp:meta_value><![CDATA[11]]></wp:meta_value>
		</wp:postmeta>
							<wp:postmeta>
		<wp:meta_key><![CDATA[_elasticsearch_data_sharing_indexed_on]]></wp:meta_key>
		<wp:meta_value><![CDATA[2025-12-02 22:56:09]]></wp:meta_value>
		</wp:postmeta>
							</item>
					<item>
		<title><![CDATA[Beyond the Obstacle]]></title>
		<link>https://davidfernandoferreiramoura2009-srjfb.wordpress.com/2025/12/02/beyond-the-obstacle/</link>
		<pubDate>Tue, 02 Dec 2025 22:51:07 +0000</pubDate>
		<dc:creator><![CDATA[davidfernandoferreiramoura2009]]></dc:creator>
		<guid isPermaLink="false">https://davidfernandoferreiramoura2009-srjfb.wordpress.com/2025/12/02/beyond-the-obstacle/</guid>
		<description></description>
		<content:encoded><![CDATA[<!-- wp:paragraph -->
<p>Welcome to WordPress! This is a sample post. Edit or delete it to take the first step in your blogging journey. To add more content here, click the small plus icon at the top left corner. There, you will find an existing selection of WordPress blocks and patterns, something to suit your every need for content creation. And don’t forget to check out the List View: click the icon a few spots to the right of the plus icon and you’ll get a tidy, easy-to-view list of the blocks and patterns in your post.</p>
<!-- /wp:paragraph -->]]></content:encoded>
		<excerpt:encoded><![CDATA[Challenges in business are a given, but it’s our response to them that defines our trajectory. Looking beyond the immediate obstacle, there lies a realm of opportunity and learning.]]></excerpt:encoded>
		<wp:post_id>6</wp:post_id>
		<wp:post_date><![CDATA[2025-12-02 19:51:07]]></wp:post_date>
		<wp:post_date_gmt><![CDATA[2025-12-02 22:51:07]]></wp:post_date_gmt>
		<wp:post_modified><![CDATA[2025-12-02 19:51:07]]></wp:post_modified>
		<wp:post_modified_gmt><![CDATA[2025-12-02 22:51:07]]></wp:post_modified_gmt>
		<wp:comment_status><![CDATA[closed]]></wp:comment_status>
		<wp:ping_status><![CDATA[closed]]></wp:ping_status>
		<wp:post_name><![CDATA[beyond-the-obstacle]]></wp:post_name>
		<wp:status><![CDATA[publish]]></wp:status>
		<wp:post_parent>0</wp:post_parent>
		<wp:menu_order>0</wp:menu_order>
		<wp:post_type><![CDATA[post]]></wp:post_type>
		<wp:post_password><![CDATA[]]></wp:post_password>
		<wp:is_sticky>0</wp:is_sticky>
										<category domain="category" nicename="uncategorized"><![CDATA[Uncategorized]]></category>
						<wp:postmeta>
		<wp:meta_key><![CDATA[_headstart_post]]></wp:meta_key>
		<wp:meta_value><![CDATA[_hs_extra]]></wp:meta_value>
		</wp:postmeta>
							<wp:postmeta>
		<wp:meta_key><![CDATA[sharing_disabled]]></wp:meta_key>
		<wp:meta_value><![CDATA[a:1:{i:0;N;}]]></wp:meta_value>
		</wp:postmeta>
							<wp:postmeta>
		<wp:meta_key><![CDATA[switch_like_status]]></wp:meta_key>
		<wp:meta_value><![CDATA[a:1:{i:0;N;}]]></wp:meta_value>
		</wp:postmeta>
							<wp:postmeta>
		<wp:meta_key><![CDATA[_starter_page_template]]></wp:meta_key>
		<wp:meta_value><![CDATA[]]></wp:meta_value>
		</wp:postmeta>
							<wp:postmeta>
		<wp:meta_key><![CDATA[_hs_old_id]]></wp:meta_key>
		<wp:meta_value><![CDATA[]]></wp:meta_value>
		</wp:postmeta>
							<wp:postmeta>
		<wp:meta_key><![CDATA[_wpas_skip_all_services]]></wp:meta_key>
		<wp:meta_value><![CDATA[1]]></wp:meta_value>
		</wp:postmeta>
							<wp:postmeta>
		<wp:meta_key><![CDATA[_publicize_pending]]></wp:meta_key>
		<wp:meta_value><![CDATA[1]]></wp:meta_value>
		</wp:postmeta>
							<wp:postmeta>
		<wp:meta_key><![CDATA[_elasticsearch_data_sharing_indexed_on]]></wp:meta_key>
		<wp:meta_value><![CDATA[2025-12-02 22:56:09]]></wp:meta_value>
		</wp:postmeta>
							<wp:postmeta>
		<wp:meta_key><![CDATA[_thumbnail_id]]></wp:meta_key>
		<wp:meta_value><![CDATA[12]]></wp:meta_value>
		</wp:postmeta>
							</item>
					<item>
		<title><![CDATA[Growth Unlocked]]></title>
		<link>https://davidfernandoferreiramoura2009-srjfb.wordpress.com/2025/12/02/growth-unlocked/</link>
		<pubDate>Tue, 02 Dec 2025 22:51:06 +0000</pubDate>
		<dc:creator><![CDATA[davidfernandoferreiramoura2009]]></dc:creator>
		<guid isPermaLink="false">https://davidfernandoferreiramoura2009-srjfb.wordpress.com/2025/12/02/growth-unlocked/</guid>
		<description></description>
		<content:encoded><![CDATA[<!-- wp:paragraph -->
<p>Welcome to WordPress! This is a sample post. Edit or delete it to take the first step in your blogging journey. To add more content here, click the small plus icon at the top left corner. There, you will find an existing selection of WordPress blocks and patterns, something to suit your every need for content creation. And don’t forget to check out the List View: click the icon a few spots to the right of the plus icon and you’ll get a tidy, easy-to-view list of the blocks and patterns in your post.</p>
<!-- /wp:paragraph -->]]></content:encoded>
		<excerpt:encoded><![CDATA[Every business has a unique potential waiting to be tapped. Recognizing the keys to unlock this growth can set an enterprise on the path to unprecedented success.]]></excerpt:encoded>
		<wp:post_id>7</wp:post_id>
		<wp:post_date><![CDATA[2025-12-02 19:51:06]]></wp:post_date>
		<wp:post_date_gmt><![CDATA[2025-12-02 22:51:06]]></wp:post_date_gmt>
		<wp:post_modified><![CDATA[2025-12-02 19:51:06]]></wp:post_modified>
		<wp:post_modified_gmt><![CDATA[2025-12-02 22:51:06]]></wp:post_modified_gmt>
		<wp:comment_status><![CDATA[closed]]></wp:comment_status>
		<wp:ping_status><![CDATA[closed]]></wp:ping_status>
		<wp:post_name><![CDATA[growth-unlocked]]></wp:post_name>
		<wp:status><![CDATA[publish]]></wp:status>
		<wp:post_parent>0</wp:post_parent>
		<wp:menu_order>0</wp:menu_order>
		<wp:post_type><![CDATA[post]]></wp:post_type>
		<wp:post_password><![CDATA[]]></wp:post_password>
		<wp:is_sticky>0</wp:is_sticky>
										<category domain="category" nicename="uncategorized"><![CDATA[Uncategorized]]></category>
						<wp:postmeta>
		<wp:meta_key><![CDATA[_headstart_post]]></wp:meta_key>
		<wp:meta_value><![CDATA[_hs_extra]]></wp:meta_value>
		</wp:postmeta>
							<wp:postmeta>
		<wp:meta_key><![CDATA[sharing_disabled]]></wp:meta_key>
		<wp:meta_value><![CDATA[a:1:{i:0;N;}]]></wp:meta_value>
		</wp:postmeta>
							<wp:postmeta>
		<wp:meta_key><![CDATA[switch_like_status]]></wp:meta_key>
		<wp:meta_value><![CDATA[a:1:{i:0;N;}]]></wp:meta_value>
		</wp:postmeta>
							<wp:postmeta>
		<wp:meta_key><![CDATA[_starter_page_template]]></wp:meta_key>
		<wp:meta_value><![CDATA[]]></wp:meta_value>
		</wp:postmeta>
							<wp:postmeta>
		<wp:meta_key><![CDATA[_hs_old_id]]></wp:meta_key>
		<wp:meta_value><![CDATA[]]></wp:meta_value>
		</wp:postmeta>
							<wp:postmeta>
		<wp:meta_key><![CDATA[_wpas_skip_all_services]]></wp:meta_key>
		<wp:meta_value><![CDATA[1]]></wp:meta_value>
		</wp:postmeta>
							<wp:postmeta>
		<wp:meta_key><![CDATA[_publicize_pending]]></wp:meta_key>
		<wp:meta_value><![CDATA[1]]></wp:meta_value>
		</wp:postmeta>
							<wp:postmeta>
		<wp:meta_key><![CDATA[_elasticsearch_data_sharing_indexed_on]]></wp:meta_key>
		<wp:meta_value><![CDATA[2025-12-02 22:56:10]]></wp:meta_value>
		</wp:postmeta>
							<wp:postmeta>
		<wp:meta_key><![CDATA[_thumbnail_id]]></wp:meta_key>
		<wp:meta_value><![CDATA[13]]></wp:meta_value>
		</wp:postmeta>
							</item>
					<item>
		<title><![CDATA[Collaboration Magic]]></title>
		<link>https://davidfernandoferreiramoura2009-srjfb.wordpress.com/2025/12/02/collaboration-magic/</link>
		<pubDate>Tue, 02 Dec 2025 22:51:05 +0000</pubDate>
		<dc:creator><![CDATA[davidfernandoferreiramoura2009]]></dc:creator>
		<guid isPermaLink="false">https://davidfernandoferreiramoura2009-srjfb.wordpress.com/2025/12/02/collaboration-magic/</guid>
		<description></description>
		<content:encoded><![CDATA[<!-- wp:paragraph -->
<p>Welcome to WordPress! This is a sample post. Edit or delete it to take the first step in your blogging journey. To add more content here, click the small plus icon at the top left corner. There, you will find an existing selection of WordPress blocks and patterns, something to suit your every need for content creation. And don’t forget to check out the List View: click the icon a few spots to the right of the plus icon and you’ll get a tidy, easy-to-view list of the blocks and patterns in your post.</p>
<!-- /wp:paragraph -->]]></content:encoded>
		<excerpt:encoded><![CDATA[The magic that emerges from effective collaboration is undeniable. When diverse minds converge with a shared purpose, the results can be transformative.]]></excerpt:encoded>
		<wp:post_id>8</wp:post_id>
		<wp:post_date><![CDATA[2025-12-02 19:51:05]]></wp:post_date>
		<wp:post_date_gmt><![CDATA[2025-12-02 22:51:05]]></wp:post_date_gmt>
		<wp:post_modified><![CDATA[2025-12-02 19:51:05]]></wp:post_modified>
		<wp:post_modified_gmt><![CDATA[2025-12-02 22:51:05]]></wp:post_modified_gmt>
		<wp:comment_status><![CDATA[closed]]></wp:comment_status>
		<wp:ping_status><![CDATA[closed]]></wp:ping_status>
		<wp:post_name><![CDATA[collaboration-magic]]></wp:post_name>
		<wp:status><![CDATA[publish]]></wp:status>
		<wp:post_parent>0</wp:post_parent>
		<wp:menu_order>0</wp:menu_order>
		<wp:post_type><![CDATA[post]]></wp:post_type>
		<wp:post_password><![CDATA[]]></wp:post_password>
		<wp:is_sticky>0</wp:is_sticky>
										<category domain="category" nicename="uncategorized"><![CDATA[Uncategorized]]></category>
						<wp:postmeta>
		<wp:meta_key><![CDATA[_headstart_post]]></wp:meta_key>
		<wp:meta_value><![CDATA[_hs_extra]]></wp:meta_value>
		</wp:postmeta>
							<wp:postmeta>
		<wp:meta_key><![CDATA[sharing_disabled]]></wp:meta_key>
		<wp:meta_value><![CDATA[a:1:{i:0;N;}]]></wp:meta_value>
		</wp:postmeta>
							<wp:postmeta>
		<wp:meta_key><![CDATA[switch_like_status]]></wp:meta_key>
		<wp:meta_value><![CDATA[a:1:{i:0;N;}]]></wp:meta_value>
		</wp:postmeta>
							<wp:postmeta>
		<wp:meta_key><![CDATA[_starter_page_template]]></wp:meta_key>
		<wp:meta_value><![CDATA[]]></wp:meta_value>
		</wp:postmeta>
							<wp:postmeta>
		<wp:meta_key><![CDATA[_hs_old_id]]></wp:meta_key>
		<wp:meta_value><![CDATA[]]></wp:meta_value>
		</wp:postmeta>
							<wp:postmeta>
		<wp:meta_key><![CDATA[_wpas_skip_all_services]]></wp:meta_key>
		<wp:meta_value><![CDATA[1]]></wp:meta_value>
		</wp:postmeta>
							<wp:postmeta>
		<wp:meta_key><![CDATA[_publicize_pending]]></wp:meta_key>
		<wp:meta_value><![CDATA[1]]></wp:meta_value>
		</wp:postmeta>
							<wp:postmeta>
		<wp:meta_key><![CDATA[_elasticsearch_data_sharing_indexed_on]]></wp:meta_key>
		<wp:meta_value><![CDATA[2025-12-02 22:56:10]]></wp:meta_value>
		</wp:postmeta>
							<wp:postmeta>
		<wp:meta_key><![CDATA[_thumbnail_id]]></wp:meta_key>
		<wp:meta_value><![CDATA[14]]></wp:meta_value>
		</wp:postmeta>
							</item>
					<item>
		<title><![CDATA[Teamwork Triumphs]]></title>
		<link>https://davidfernandoferreiramoura2009-srjfb.wordpress.com/2025/12/02/teamwork-triumphs/</link>
		<pubDate>Tue, 02 Dec 2025 22:51:04 +0000</pubDate>
		<dc:creator><![CDATA[davidfernandoferreiramoura2009]]></dc:creator>
		<guid isPermaLink="false">https://davidfernandoferreiramoura2009-srjfb.wordpress.com/2025/12/02/teamwork-triumphs/</guid>
		<description></description>
		<content:encoded><![CDATA[<!-- wp:paragraph -->
<p>Welcome to WordPress! This is a sample post. Edit or delete it to take the first step in your blogging journey. To add more content here, click the small plus icon at the top left corner. There, you will find an existing selection of WordPress blocks and patterns, something to suit your every need for content creation. And don’t forget to check out the List View: click the icon a few spots to the right of the plus icon and you’ll get a tidy, easy-to-view list of the blocks and patterns in your post.</p>
<!-- /wp:paragraph -->]]></content:encoded>
		<excerpt:encoded><![CDATA[What fosters effective teamwork? It’s not just about grouping individuals together and hoping for the best. It’s about cultivating an environment where trust, open communication, mutual respect, and a shared vision converge.]]></excerpt:encoded>
		<wp:post_id>9</wp:post_id>
		<wp:post_date><![CDATA[2025-12-02 19:51:04]]></wp:post_date>
		<wp:post_date_gmt><![CDATA[2025-12-02 22:51:04]]></wp:post_date_gmt>
		<wp:post_modified><![CDATA[2025-12-02 19:51:04]]></wp:post_modified>
		<wp:post_modified_gmt><![CDATA[2025-12-02 22:51:04]]></wp:post_modified_gmt>
		<wp:comment_status><![CDATA[closed]]></wp:comment_status>
		<wp:ping_status><![CDATA[closed]]></wp:ping_status>
		<wp:post_name><![CDATA[teamwork-triumphs]]></wp:post_name>
		<wp:status><![CDATA[publish]]></wp:status>
		<wp:post_parent>0</wp:post_parent>
		<wp:menu_order>0</wp:menu_order>
		<wp:post_type><![CDATA[post]]></wp:post_type>
		<wp:post_password><![CDATA[]]></wp:post_password>
		<wp:is_sticky>0</wp:is_sticky>
										<category domain="category" nicename="uncategorized"><![CDATA[Uncategorized]]></category>
						<wp:postmeta>
		<wp:meta_key><![CDATA[_headstart_post]]></wp:meta_key>
		<wp:meta_value><![CDATA[_hs_extra]]></wp:meta_value>
		</wp:postmeta>
							<wp:postmeta>
		<wp:meta_key><![CDATA[sharing_disabled]]></wp:meta_key>
		<wp:meta_value><![CDATA[a:1:{i:0;N;}]]></wp:meta_value>
		</wp:postmeta>
							<wp:postmeta>
		<wp:meta_key><![CDATA[switch_like_status]]></wp:meta_key>
		<wp:meta_value><![CDATA[a:1:{i:0;N;}]]></wp:meta_value>
		</wp:postmeta>
							<wp:postmeta>
		<wp:meta_key><![CDATA[_starter_page_template]]></wp:meta_key>
		<wp:meta_value><![CDATA[]]></wp:meta_value>
		</wp:postmeta>
							<wp:postmeta>
		<wp:meta_key><![CDATA[_hs_old_id]]></wp:meta_key>
		<wp:meta_value><![CDATA[]]></wp:meta_value>
		</wp:postmeta>
							<wp:postmeta>
		<wp:meta_key><![CDATA[_wpas_skip_all_services]]></wp:meta_key>
		<wp:meta_value><![CDATA[1]]></wp:meta_value>
		</wp:postmeta>
							<wp:postmeta>
		<wp:meta_key><![CDATA[_publicize_pending]]></wp:meta_key>
		<wp:meta_value><![CDATA[1]]></wp:meta_value>
		</wp:postmeta>
							<wp:postmeta>
		<wp:meta_key><![CDATA[_elasticsearch_data_sharing_indexed_on]]></wp:meta_key>
		<wp:meta_value><![CDATA[2025-12-02 22:56:10]]></wp:meta_value>
		</wp:postmeta>
							<wp:postmeta>
		<wp:meta_key><![CDATA[_thumbnail_id]]></wp:meta_key>
		<wp:meta_value><![CDATA[15]]></wp:meta_value>
		</wp:postmeta>
							</item>
					<item>
		<title><![CDATA[Adaptive Advantage]]></title>
		<link>https://davidfernandoferreiramoura2009-srjfb.wordpress.com/2025/12/02/adaptive-advantage/</link>
		<pubDate>Tue, 02 Dec 2025 22:51:03 +0000</pubDate>
		<dc:creator><![CDATA[davidfernandoferreiramoura2009]]></dc:creator>
		<guid isPermaLink="false">https://davidfernandoferreiramoura2009-srjfb.wordpress.com/2025/12/02/adaptive-advantage/</guid>
		<description></description>
		<content:encoded><![CDATA[<!-- wp:paragraph -->
<p>Welcome to WordPress! This is a sample post. Edit or delete it to take the first step in your blogging journey. To add more content here, click the small plus icon at the top left corner. There, you will find an existing selection of WordPress blocks and patterns, something to suit your every need for content creation. And don’t forget to check out the List View: click the icon a few spots to the right of the plus icon and you’ll get a tidy, easy-to-view list of the blocks and patterns in your post.</p>
<!-- /wp:paragraph -->]]></content:encoded>
		<excerpt:encoded><![CDATA[In an ever-shifting business landscape, adaptability isn’t just a trait—it’s a competitive advantage. Companies that embrace change, learn from challenges, and pivot when necessary are the ones that not only survive but also thrive in uncertain environments.]]></excerpt:encoded>
		<wp:post_id>10</wp:post_id>
		<wp:post_date><![CDATA[2025-12-02 19:51:03]]></wp:post_date>
		<wp:post_date_gmt><![CDATA[2025-12-02 22:51:03]]></wp:post_date_gmt>
		<wp:post_modified><![CDATA[2025-12-02 19:51:03]]></wp:post_modified>
		<wp:post_modified_gmt><![CDATA[2025-12-02 22:51:03]]></wp:post_modified_gmt>
		<wp:comment_status><![CDATA[closed]]></wp:comment_status>
		<wp:ping_status><![CDATA[closed]]></wp:ping_status>
		<wp:post_name><![CDATA[adaptive-advantage]]></wp:post_name>
		<wp:status><![CDATA[publish]]></wp:status>
		<wp:post_parent>0</wp:post_parent>
		<wp:menu_order>0</wp:menu_order>
		<wp:post_type><![CDATA[post]]></wp:post_type>
		<wp:post_password><![CDATA[]]></wp:post_password>
		<wp:is_sticky>0</wp:is_sticky>
										<category domain="category" nicename="uncategorized"><![CDATA[Uncategorized]]></category>
						<wp:postmeta>
		<wp:meta_key><![CDATA[_headstart_post]]></wp:meta_key>
		<wp:meta_value><![CDATA[_hs_extra]]></wp:meta_value>
		</wp:postmeta>
							<wp:postmeta>
		<wp:meta_key><![CDATA[sharing_disabled]]></wp:meta_key>
		<wp:meta_value><![CDATA[a:1:{i:0;N;}]]></wp:meta_value>
		</wp:postmeta>
							<wp:postmeta>
		<wp:meta_key><![CDATA[switch_like_status]]></wp:meta_key>
		<wp:meta_value><![CDATA[a:1:{i:0;N;}]]></wp:meta_value>
		</wp:postmeta>
							<wp:postmeta>
		<wp:meta_key><![CDATA[_starter_page_template]]></wp:meta_key>
		<wp:meta_value><![CDATA[]]></wp:meta_value>
		</wp:postmeta>
							<wp:postmeta>
		<wp:meta_key><![CDATA[_hs_old_id]]></wp:meta_key>
		<wp:meta_value><![CDATA[]]></wp:meta_value>
		</wp:postmeta>
							<wp:postmeta>
		<wp:meta_key><![CDATA[_wpas_skip_all_services]]></wp:meta_key>
		<wp:meta_value><![CDATA[1]]></wp:meta_value>
		</wp:postmeta>
							<wp:postmeta>
		<wp:meta_key><![CDATA[_publicize_pending]]></wp:meta_key>
		<wp:meta_value><![CDATA[1]]></wp:meta_value>
		</wp:postmeta>
							<wp:postmeta>
		<wp:meta_key><![CDATA[_elasticsearch_data_sharing_indexed_on]]></wp:meta_key>
		<wp:meta_value><![CDATA[2025-12-02 22:56:10]]></wp:meta_value>
		</wp:postmeta>
							<wp:postmeta>
		<wp:meta_key><![CDATA[_thumbnail_id]]></wp:meta_key>
		<wp:meta_value><![CDATA[16]]></wp:meta_value>
		</wp:postmeta>
							</item>
					<item>
		<title><![CDATA[Placeholder Image]]></title>
		<link>https://davidfernandoferreiramoura2009-srjfb.wordpress.com/2025/12/02/the-art-of-connection/placeholder-image/</link>
		<pubDate>Tue, 02 Dec 2025 22:56:09 +0000</pubDate>
		<dc:creator><![CDATA[davidfernandoferreiramoura2009]]></dc:creator>
		<guid isPermaLink="false">http://davidfernandoferreiramoura2009-srjfb.files.wordpress.com/2025/12/9a9c0-minetest-5.3.0-texture-default.jpg</guid>
		<description></description>
		<content:encoded><![CDATA[]]></content:encoded>
		<excerpt:encoded><![CDATA[]]></excerpt:encoded>
		<wp:post_id>11</wp:post_id>
		<wp:post_date><![CDATA[2025-12-02 19:56:09]]></wp:post_date>
		<wp:post_date_gmt><![CDATA[2025-12-02 22:56:09]]></wp:post_date_gmt>
		<wp:post_modified><![CDATA[2025-12-02 19:56:09]]></wp:post_modified>
		<wp:post_modified_gmt><![CDATA[2025-12-02 22:56:09]]></wp:post_modified_gmt>
		<wp:comment_status><![CDATA[open]]></wp:comment_status>
		<wp:ping_status><![CDATA[closed]]></wp:ping_status>
		<wp:post_name><![CDATA[placeholder-image]]></wp:post_name>
		<wp:status><![CDATA[inherit]]></wp:status>
		<wp:post_parent>5</wp:post_parent>
		<wp:menu_order>0</wp:menu_order>
		<wp:post_type><![CDATA[attachment]]></wp:post_type>
		<wp:post_password><![CDATA[]]></wp:post_password>
		<wp:is_sticky>0</wp:is_sticky>
						<wp:attachment_url><![CDATA[https://davidfernandoferreiramoura2009-srjfb.wordpress.com/wp-content/uploads/2025/12/9a9c0-minetest-5.3.0-texture-default.jpg]]></wp:attachment_url>
											<wp:postmeta>
		<wp:meta_key><![CDATA[_wp_attached_file]]></wp:meta_key>
		<wp:meta_value><![CDATA[/home/wpcom/public_html/wp-content/blogs.dir/9e2/250668006/files/2025/12/9a9c0-minetest-5.3.0-texture-default.jpg]]></wp:meta_value>
		</wp:postmeta>
							<wp:postmeta>
		<wp:meta_key><![CDATA[_wp_attachment_metadata]]></wp:meta_key>
		<wp:meta_value><![CDATA[a:6:{s:5:"width";i:800;s:6:"height";i:461;s:4:"file";s:113:"/home/wpcom/public_html/wp-content/blogs.dir/9e2/250668006/files/2025/12/9a9c0-minetest-5.3.0-texture-default.jpg";s:8:"filesize";i:35185;s:5:"sizes";a:0:{}s:10:"image_meta";a:12:{s:8:"aperture";s:1:"0";s:6:"credit";s:0:"";s:6:"camera";s:0:"";s:7:"caption";s:0:"";s:17:"created_timestamp";s:1:"0";s:9:"copyright";s:0:"";s:12:"focal_length";s:1:"0";s:3:"iso";s:1:"0";s:13:"shutter_speed";s:1:"0";s:5:"title";s:0:"";s:11:"orientation";s:1:"0";s:8:"keywords";a:0:{}}}]]></wp:meta_value>
		</wp:postmeta>
							</item>
					<item>
		<title><![CDATA[Placeholder Image]]></title>
		<link>https://davidfernandoferreiramoura2009-srjfb.wordpress.com/2025/12/02/beyond-the-obstacle/placeholder-image-2/</link>
		<pubDate>Tue, 02 Dec 2025 22:56:09 +0000</pubDate>
		<dc:creator><![CDATA[davidfernandoferreiramoura2009]]></dc:creator>
		<guid isPermaLink="false">http://davidfernandoferreiramoura2009-srjfb.files.wordpress.com/2025/12/cffc1-development_test_chest_of_everything_inventory_minetest_5.6.1_screenshot_20230103_181921.jpg</guid>
		<description></description>
		<content:encoded><![CDATA[]]></content:encoded>
		<excerpt:encoded><![CDATA[]]></excerpt:encoded>
		<wp:post_id>12</wp:post_id>
		<wp:post_date><![CDATA[2025-12-02 19:56:09]]></wp:post_date>
		<wp:post_date_gmt><![CDATA[2025-12-02 22:56:09]]></wp:post_date_gmt>
		<wp:post_modified><![CDATA[2025-12-02 19:56:09]]></wp:post_modified>
		<wp:post_modified_gmt><![CDATA[2025-12-02 22:56:09]]></wp:post_modified_gmt>
		<wp:comment_status><![CDATA[open]]></wp:comment_status>
		<wp:ping_status><![CDATA[closed]]></wp:ping_status>
		<wp:post_name><![CDATA[placeholder-image-2]]></wp:post_name>
		<wp:status><![CDATA[inherit]]></wp:status>
		<wp:post_parent>6</wp:post_parent>
		<wp:menu_order>0</wp:menu_order>
		<wp:post_type><![CDATA[attachment]]></wp:post_type>
		<wp:post_password><![CDATA[]]></wp:post_password>
		<wp:is_sticky>0</wp:is_sticky>
						<wp:attachment_url><![CDATA[https://davidfernandoferreiramoura2009-srjfb.wordpress.com/wp-content/uploads/2025/12/cffc1-development_test_chest_of_everything_inventory_minetest_5.6.1_screenshot_20230103_181921.jpg]]></wp:attachment_url>
											<wp:postmeta>
		<wp:meta_key><![CDATA[_wp_attached_file]]></wp:meta_key>
		<wp:meta_value><![CDATA[/home/wpcom/public_html/wp-content/blogs.dir/9e2/250668006/files/2025/12/cffc1-development_test_chest_of_everything_inventory_minetest_5.6.1_screenshot_20230103_181921.jpg]]></wp:meta_value>
		</wp:postmeta>
							<wp:postmeta>
		<wp:meta_key><![CDATA[_wp_attachment_metadata]]></wp:meta_key>
		<wp:meta_value><![CDATA[a:6:{s:5:"width";i:800;s:6:"height";i:450;s:4:"file";s:171:"/home/wpcom/public_html/wp-content/blogs.dir/9e2/250668006/files/2025/12/cffc1-development_test_chest_of_everything_inventory_minetest_5.6.1_screenshot_20230103_181921.jpg";s:8:"filesize";i:31933;s:5:"sizes";a:0:{}s:10:"image_meta";a:12:{s:8:"aperture";s:1:"0";s:6:"credit";s:0:"";s:6:"camera";s:0:"";s:7:"caption";s:0:"";s:17:"created_timestamp";s:1:"0";s:9:"copyright";s:0:"";s:12:"focal_length";s:1:"0";s:3:"iso";s:1:"0";s:13:"shutter_speed";s:1:"0";s:5:"title";s:0:"";s:11:"orientation";s:1:"0";s:8:"keywords";a:0:{}}}]]></wp:meta_value>
		</wp:postmeta>
							</item>
					<item>
		<title><![CDATA[Placeholder Image]]></title>
		<link>https://davidfernandoferreiramoura2009-srjfb.wordpress.com/2025/12/02/growth-unlocked/placeholder-image-3/</link>
		<pubDate>Tue, 02 Dec 2025 22:56:10 +0000</pubDate>
		<dc:creator><![CDATA[davidfernandoferreiramoura2009]]></dc:creator>
		<guid isPermaLink="false">http://davidfernandoferreiramoura2009-srjfb.files.wordpress.com/2025/12/a9daf-minetest-5.3.0-dry-green-jungle-biomes.jpg</guid>
		<description></description>
		<content:encoded><![CDATA[]]></content:encoded>
		<excerpt:encoded><![CDATA[]]></excerpt:encoded>
		<wp:post_id>13</wp:post_id>
		<wp:post_date><![CDATA[2025-12-02 19:56:10]]></wp:post_date>
		<wp:post_date_gmt><![CDATA[2025-12-02 22:56:10]]></wp:post_date_gmt>
		<wp:post_modified><![CDATA[2025-12-02 19:56:10]]></wp:post_modified>
		<wp:post_modified_gmt><![CDATA[2025-12-02 22:56:10]]></wp:post_modified_gmt>
		<wp:comment_status><![CDATA[open]]></wp:comment_status>
		<wp:ping_status><![CDATA[closed]]></wp:ping_status>
		<wp:post_name><![CDATA[placeholder-image-3]]></wp:post_name>
		<wp:status><![CDATA[inherit]]></wp:status>
		<wp:post_parent>7</wp:post_parent>
		<wp:menu_order>0</wp:menu_order>
		<wp:post_type><![CDATA[attachment]]></wp:post_type>
		<wp:post_password><![CDATA[]]></wp:post_password>
		<wp:is_sticky>0</wp:is_sticky>
						<wp:attachment_url><![CDATA[https://davidfernandoferreiramoura2009-srjfb.wordpress.com/wp-content/uploads/2025/12/a9daf-minetest-5.3.0-dry-green-jungle-biomes.jpg]]></wp:attachment_url>
											<wp:postmeta>
		<wp:meta_key><![CDATA[_wp_attached_file]]></wp:meta_key>
		<wp:meta_value><![CDATA[/home/wpcom/public_html/wp-content/blogs.dir/9e2/250668006/files/2025/12/a9daf-minetest-5.3.0-dry-green-jungle-biomes.jpg]]></wp:meta_value>
		</wp:postmeta>
							<wp:postmeta>
		<wp:meta_key><![CDATA[_wp_attachment_metadata]]></wp:meta_key>
		<wp:meta_value><![CDATA[a:6:{s:5:"width";i:800;s:6:"height";i:450;s:4:"file";s:121:"/home/wpcom/public_html/wp-content/blogs.dir/9e2/250668006/files/2025/12/a9daf-minetest-5.3.0-dry-green-jungle-biomes.jpg";s:8:"filesize";i:36948;s:5:"sizes";a:0:{}s:10:"image_meta";a:12:{s:8:"aperture";s:1:"0";s:6:"credit";s:0:"";s:6:"camera";s:0:"";s:7:"caption";s:0:"";s:17:"created_timestamp";s:1:"0";s:9:"copyright";s:0:"";s:12:"focal_length";s:1:"0";s:3:"iso";s:1:"0";s:13:"shutter_speed";s:1:"0";s:5:"title";s:0:"";s:11:"orientation";s:1:"0";s:8:"keywords";a:0:{}}}]]></wp:meta_value>
		</wp:postmeta>
							</item>
					<item>
		<title><![CDATA[Placeholder Image]]></title>
		<link>https://davidfernandoferreiramoura2009-srjfb.wordpress.com/2025/12/02/collaboration-magic/placeholder-image-4/</link>
		<pubDate>Tue, 02 Dec 2025 22:56:10 +0000</pubDate>
		<dc:creator><![CDATA[davidfernandoferreiramoura2009]]></dc:creator>
		<guid isPermaLink="false">http://davidfernandoferreiramoura2009-srjfb.files.wordpress.com/2025/12/9e144-qiskitblocks_minetest_5.6.1_screenshot_20230205_132659.jpg</guid>
		<description></description>
		<content:encoded><![CDATA[]]></content:encoded>
		<excerpt:encoded><![CDATA[]]></excerpt:encoded>
		<wp:post_id>14</wp:post_id>
		<wp:post_date><![CDATA[2025-12-02 19:56:10]]></wp:post_date>
		<wp:post_date_gmt><![CDATA[2025-12-02 22:56:10]]></wp:post_date_gmt>
		<wp:post_modified><![CDATA[2025-12-02 19:56:10]]></wp:post_modified>
		<wp:post_modified_gmt><![CDATA[2025-12-02 22:56:10]]></wp:post_modified_gmt>
		<wp:comment_status><![CDATA[open]]></wp:comment_status>
		<wp:ping_status><![CDATA[closed]]></wp:ping_status>
		<wp:post_name><![CDATA[placeholder-image-4]]></wp:post_name>
		<wp:status><![CDATA[inherit]]></wp:status>
		<wp:post_parent>8</wp:post_parent>
		<wp:menu_order>0</wp:menu_order>
		<wp:post_type><![CDATA[attachment]]></wp:post_type>
		<wp:post_password><![CDATA[]]></wp:post_password>
		<wp:is_sticky>0</wp:is_sticky>
						<wp:attachment_url><![CDATA[https://davidfernandoferreiramoura2009-srjfb.wordpress.com/wp-content/uploads/2025/12/9e144-qiskitblocks_minetest_5.6.1_screenshot_20230205_132659.jpg]]></wp:attachment_url>
											<wp:postmeta>
		<wp:meta_key><![CDATA[_wp_attached_file]]></wp:meta_key>
		<wp:meta_value><![CDATA[/home/wpcom/public_html/wp-content/blogs.dir/9e2/250668006/files/2025/12/9e144-qiskitblocks_minetest_5.6.1_screenshot_20230205_132659.jpg]]></wp:meta_value>
		</wp:postmeta>
							<wp:postmeta>
		<wp:meta_key><![CDATA[_wp_attachment_metadata]]></wp:meta_key>
		<wp:meta_value><![CDATA[a:6:{s:5:"width";i:800;s:6:"height";i:450;s:4:"file";s:137:"/home/wpcom/public_html/wp-content/blogs.dir/9e2/250668006/files/2025/12/9e144-qiskitblocks_minetest_5.6.1_screenshot_20230205_132659.jpg";s:8:"filesize";i:27566;s:5:"sizes";a:0:{}s:10:"image_meta";a:12:{s:8:"aperture";s:1:"0";s:6:"credit";s:0:"";s:6:"camera";s:0:"";s:7:"caption";s:0:"";s:17:"created_timestamp";s:1:"0";s:9:"copyright";s:0:"";s:12:"focal_length";s:1:"0";s:3:"iso";s:1:"0";s:13:"shutter_speed";s:1:"0";s:5:"title";s:0:"";s:11:"orientation";s:1:"0";s:8:"keywords";a:0:{}}}]]></wp:meta_value>
		</wp:postmeta>
							</item>
					<item>
		<title><![CDATA[Placeholder Image]]></title>
		<link>https://davidfernandoferreiramoura2009-srjfb.wordpress.com/2025/12/02/teamwork-triumphs/placeholder-image-5/</link>
		<pubDate>Tue, 02 Dec 2025 22:56:10 +0000</pubDate>
		<dc:creator><![CDATA[davidfernandoferreiramoura2009]]></dc:creator>
		<guid isPermaLink="false">http://davidfernandoferreiramoura2009-srjfb.files.wordpress.com/2025/12/49413-minetest_5.6.1_20221228_171726_unterwelt.jpg</guid>
		<description></description>
		<content:encoded><![CDATA[]]></content:encoded>
		<excerpt:encoded><![CDATA[]]></excerpt:encoded>
		<wp:post_id>15</wp:post_id>
		<wp:post_date><![CDATA[2025-12-02 19:56:10]]></wp:post_date>
		<wp:post_date_gmt><![CDATA[2025-12-02 22:56:10]]></wp:post_date_gmt>
		<wp:post_modified><![CDATA[2025-12-02 19:56:10]]></wp:post_modified>
		<wp:post_modified_gmt><![CDATA[2025-12-02 22:56:10]]></wp:post_modified_gmt>
		<wp:comment_status><![CDATA[open]]></wp:comment_status>
		<wp:ping_status><![CDATA[closed]]></wp:ping_status>
		<wp:post_name><![CDATA[placeholder-image-5]]></wp:post_name>
		<wp:status><![CDATA[inherit]]></wp:status>
		<wp:post_parent>9</wp:post_parent>
		<wp:menu_order>0</wp:menu_order>
		<wp:post_type><![CDATA[attachment]]></wp:post_type>
		<wp:post_password><![CDATA[]]></wp:post_password>
		<wp:is_sticky>0</wp:is_sticky>
						<wp:attachment_url><![CDATA[https://davidfernandoferreiramoura2009-srjfb.wordpress.com/wp-content/uploads/2025/12/49413-minetest_5.6.1_20221228_171726_unterwelt.jpg]]></wp:attachment_url>
											<wp:postmeta>
		<wp:meta_key><![CDATA[_wp_attached_file]]></wp:meta_key>
		<wp:meta_value><![CDATA[/home/wpcom/public_html/wp-content/blogs.dir/9e2/250668006/files/2025/12/49413-minetest_5.6.1_20221228_171726_unterwelt.jpg]]></wp:meta_value>
		</wp:postmeta>
							<wp:postmeta>
		<wp:meta_key><![CDATA[_wp_attachment_metadata]]></wp:meta_key>
		<wp:meta_value><![CDATA[a:6:{s:5:"width";i:800;s:6:"height";i:450;s:4:"file";s:123:"/home/wpcom/public_html/wp-content/blogs.dir/9e2/250668006/files/2025/12/49413-minetest_5.6.1_20221228_171726_unterwelt.jpg";s:8:"filesize";i:17623;s:5:"sizes";a:0:{}s:10:"image_meta";a:12:{s:8:"aperture";s:1:"0";s:6:"credit";s:0:"";s:6:"camera";s:0:"";s:7:"caption";s:0:"";s:17:"created_timestamp";s:1:"0";s:9:"copyright";s:0:"";s:12:"focal_length";s:1:"0";s:3:"iso";s:1:"0";s:13:"shutter_speed";s:1:"0";s:5:"title";s:0:"";s:11:"orientation";s:1:"0";s:8:"keywords";a:0:{}}}]]></wp:meta_value>
		</wp:postmeta>
							</item>
					<item>
		<title><![CDATA[Placeholder Image]]></title>
		<link>https://davidfernandoferreiramoura2009-srjfb.wordpress.com/2025/12/02/adaptive-advantage/placeholder-image-6/</link>
		<pubDate>Tue, 02 Dec 2025 22:56:10 +0000</pubDate>
		<dc:creator><![CDATA[davidfernandoferreiramoura2009]]></dc:creator>
		<guid isPermaLink="false">http://davidfernandoferreiramoura2009-srjfb.files.wordpress.com/2025/12/40715-49698922527_0468f75ed2_o.jpg</guid>
		<description></description>
		<content:encoded><![CDATA[]]></content:encoded>
		<excerpt:encoded><![CDATA[]]></excerpt:encoded>
		<wp:post_id>16</wp:post_id>
		<wp:post_date><![CDATA[2025-12-02 19:56:10]]></wp:post_date>
		<wp:post_date_gmt><![CDATA[2025-12-02 22:56:10]]></wp:post_date_gmt>
		<wp:post_modified><![CDATA[2025-12-02 19:56:10]]></wp:post_modified>
		<wp:post_modified_gmt><![CDATA[2025-12-02 22:56:10]]></wp:post_modified_gmt>
		<wp:comment_status><![CDATA[open]]></wp:comment_status>
		<wp:ping_status><![CDATA[closed]]></wp:ping_status>
		<wp:post_name><![CDATA[placeholder-image-6]]></wp:post_name>
		<wp:status><![CDATA[inherit]]></wp:status>
		<wp:post_parent>10</wp:post_parent>
		<wp:menu_order>0</wp:menu_order>
		<wp:post_type><![CDATA[attachment]]></wp:post_type>
		<wp:post_password><![CDATA[]]></wp:post_password>
		<wp:is_sticky>0</wp:is_sticky>
						<wp:attachment_url><![CDATA[https://davidfernandoferreiramoura2009-srjfb.wordpress.com/wp-content/uploads/2025/12/40715-49698922527_0468f75ed2_o.jpg]]></wp:attachment_url>
											<wp:postmeta>
		<wp:meta_key><![CDATA[_wp_attached_file]]></wp:meta_key>
		<wp:meta_value><![CDATA[/home/wpcom/public_html/wp-content/blogs.dir/9e2/250668006/files/2025/12/40715-49698922527_0468f75ed2_o.jpg]]></wp:meta_value>
		</wp:postmeta>
							<wp:postmeta>
		<wp:meta_key><![CDATA[_wp_attachment_metadata]]></wp:meta_key>
		<wp:meta_value><![CDATA[a:6:{s:5:"width";i:800;s:6:"height";i:533;s:4:"file";s:107:"/home/wpcom/public_html/wp-content/blogs.dir/9e2/250668006/files/2025/12/40715-49698922527_0468f75ed2_o.jpg";s:8:"filesize";i:37160;s:5:"sizes";a:0:{}s:10:"image_meta";a:12:{s:8:"aperture";s:1:"0";s:6:"credit";s:0:"";s:6:"camera";s:0:"";s:7:"caption";s:0:"";s:17:"created_timestamp";s:1:"0";s:9:"copyright";s:0:"";s:12:"focal_length";s:1:"0";s:3:"iso";s:1:"0";s:13:"shutter_speed";s:1:"0";s:5:"title";s:0:"";s:11:"orientation";s:1:"0";s:8:"keywords";a:0:{}}}]]></wp:meta_value>
		</wp:postmeta>
							</item>
					<item>
		<title><![CDATA[Home]]></title>
		<link>https://davidfernandoferreiramoura2009-srjfb.wordpress.com/?page_id=18</link>
		<pubDate>Wed, 03 Dec 2025 01:35:53 +0000</pubDate>
		<dc:creator><![CDATA[davidfernandoferreiramoura2009]]></dc:creator>
		<guid isPermaLink="false">https://davidfernandoferreiramoura2009-srjfb.wordpress.com/?page_id=18</guid>
		<description></description>
		<content:encoded><![CDATA[<!-- wp:heading {"level":3} -->
<h3 class="wp-block-heading"><strong>Jogos indie's</strong></h3>
<!-- /wp:heading -->

<!-- wp:paragraph -->
<p>Os jogos independentes mostram que criatividade vale mais do que grandes empresas. Aqui você encontra descrições e histórias dos maiores clássicos indies.</p>
<!-- /wp:paragraph -->

<!-- wp:columns -->
<div class="wp-block-columns"><!-- wp:column -->
<div class="wp-block-column"><!-- wp:paragraph -->
<p>Minecraft<br>Um mundo de blocos infinito onde você cria, explora e dá vida ao que imaginar.</p>
<!-- /wp:paragraph --></div>
<!-- /wp:column --></div>
<!-- /wp:columns -->

<!-- wp:columns -->
<div class="wp-block-columns"><!-- wp:column -->
<div class="wp-block-column"><!-- wp:paragraph -->
<p>Hollow Knight<br>Um metroidvania desafiador em um reino subterrâneo cheio de mistérios.</p>
<!-- /wp:paragraph --></div>
<!-- /wp:column --></div>
<!-- /wp:columns -->

<!-- wp:columns -->
<div class="wp-block-columns"><!-- wp:column -->
<div class="wp-block-column"><!-- wp:paragraph -->
<p>Stardew Valley<br>Plante, pesque, crie animais e faça amigos. Relaxante e viciante.</p>
<!-- /wp:paragraph --></div>
<!-- /wp:column --></div>
<!-- /wp:columns -->]]></content:encoded>
		<excerpt:encoded><![CDATA[]]></excerpt:encoded>
		<wp:post_id>18</wp:post_id>
		<wp:post_date><![CDATA[2025-12-02 22:35:53]]></wp:post_date>
		<wp:post_date_gmt><![CDATA[2025-12-03 01:35:53]]></wp:post_date_gmt>
		<wp:post_modified><![CDATA[2025-12-02 22:50:36]]></wp:post_modified>
		<wp:post_modified_gmt><![CDATA[2025-12-03 01:50:36]]></wp:post_modified_gmt>
		<wp:comment_status><![CDATA[closed]]></wp:comment_status>
		<wp:ping_status><![CDATA[closed]]></wp:ping_status>
		<wp:post_name><![CDATA[home]]></wp:post_name>
		<wp:status><![CDATA[draft]]></wp:status>
		<wp:post_parent>0</wp:post_parent>
		<wp:menu_order>0</wp:menu_order>
		<wp:post_type><![CDATA[page]]></wp:post_type>
		<wp:post_password><![CDATA[]]></wp:post_password>
		<wp:is_sticky>0</wp:is_sticky>
														<wp:postmeta>
		<wp:meta_key><![CDATA[_last_editor_used_jetpack]]></wp:meta_key>
		<wp:meta_value><![CDATA[block-editor]]></wp:meta_value>
		</wp:postmeta>
							<wp:postmeta>
		<wp:meta_key><![CDATA[_publicize_pending]]></wp:meta_key>
		<wp:meta_value><![CDATA[1]]></wp:meta_value>
		</wp:postmeta>
							<wp:postmeta>
		<wp:meta_key><![CDATA[_elasticsearch_data_sharing_indexed_on]]></wp:meta_key>
		<wp:meta_value><![CDATA[2025-12-02 23:36:44]]></wp:meta_value>
		</wp:postmeta>
							<wp:postmeta>
		<wp:meta_key><![CDATA[_jetpack_post_was_ever_published]]></wp:meta_key>
		<wp:meta_value><![CDATA[1]]></wp:meta_value>
		</wp:postmeta>
							</item>
					<item>
		<title><![CDATA[Sobre]]></title>
		<link>https://davidfernandoferreiramoura2009-srjfb.wordpress.com/sobre/</link>
		<pubDate>Wed, 03 Dec 2025 01:41:13 +0000</pubDate>
		<dc:creator><![CDATA[davidfernandoferreiramoura2009]]></dc:creator>
		<guid isPermaLink="false">https://davidfernandoferreiramoura2009-srjfb.wordpress.com/?page_id=19</guid>
		<description></description>
		<content:encoded><![CDATA[<!-- wp:heading {"level":3} -->
<h3 class="wp-block-heading">O que são jogos indies?</h3>
<!-- /wp:heading -->

<!-- wp:paragraph -->
<p>Jogos independentes surgem da criatividade de pequenas equipes ou até de uma única pessoa. Eles inovam, emocionam e experimentam ideias que grandes empresas evitam.<br>Este site reúne alguns dos maiores destaques da cena indie moderna e suas histórias.</p>
<!-- /wp:paragraph -->

<!-- wp:paragraph -->
<p></p>
<!-- /wp:paragraph -->]]></content:encoded>
		<excerpt:encoded><![CDATA[]]></excerpt:encoded>
		<wp:post_id>19</wp:post_id>
		<wp:post_date><![CDATA[2025-12-02 22:41:13]]></wp:post_date>
		<wp:post_date_gmt><![CDATA[2025-12-03 01:41:13]]></wp:post_date_gmt>
		<wp:post_modified><![CDATA[2025-12-02 22:41:13]]></wp:post_modified>
		<wp:post_modified_gmt><![CDATA[2025-12-03 01:41:13]]></wp:post_modified_gmt>
		<wp:comment_status><![CDATA[closed]]></wp:comment_status>
		<wp:ping_status><![CDATA[closed]]></wp:ping_status>
		<wp:post_name><![CDATA[sobre]]></wp:post_name>
		<wp:status><![CDATA[publish]]></wp:status>
		<wp:post_parent>0</wp:post_parent>
		<wp:menu_order>0</wp:menu_order>
		<wp:post_type><![CDATA[page]]></wp:post_type>
		<wp:post_password><![CDATA[]]></wp:post_password>
		<wp:is_sticky>0</wp:is_sticky>
														<wp:postmeta>
		<wp:meta_key><![CDATA[_publicize_pending]]></wp:meta_key>
		<wp:meta_value><![CDATA[1]]></wp:meta_value>
		</wp:postmeta>
							<wp:postmeta>
		<wp:meta_key><![CDATA[_elasticsearch_data_sharing_indexed_on]]></wp:meta_key>
		<wp:meta_value><![CDATA[2025-12-02 23:36:15]]></wp:meta_value>
		</wp:postmeta>
							</item>
					<item>
		<title><![CDATA[Jogos]]></title>
		<link>https://davidfernandoferreiramoura2009-srjfb.wordpress.com/jogos/</link>
		<pubDate>Wed, 03 Dec 2025 01:40:20 +0000</pubDate>
		<dc:creator><![CDATA[davidfernandoferreiramoura2009]]></dc:creator>
		<guid isPermaLink="false">https://davidfernandoferreiramoura2009-srjfb.wordpress.com/?page_id=20</guid>
		<description></description>
		<content:encoded><![CDATA[<!-- wp:heading {"level":3} -->
<h3 class="wp-block-heading"><strong>Catálogo de jogos</strong></h3>
<!-- /wp:heading -->

<!-- wp:paragraph -->
<p>Hollow Knight – Um metroidvania desafiador em um reino subterrâneo cheio de mistérios.</p>
<!-- /wp:paragraph -->

<!-- wp:paragraph -->
<p>Stardew Valley – Viva outra vida: plante, pesque, crie animais e faça amigos. Relaxante e viciante.</p>
<!-- /wp:paragraph -->

<!-- wp:paragraph -->
<p>Hades – Escape do submundo em um roguelike frenético com personalidade única.</p>
<!-- /wp:paragraph -->

<!-- wp:paragraph -->
<p>Celeste – Desafios precisos e uma história emocionante de superação e ansiedade.</p>
<!-- /wp:paragraph -->

<!-- wp:paragraph -->
<p>Undertale – Um RPG onde você pode fazer amizade com os inimigos — escolhas que mudam tudo.</p>
<!-- /wp:paragraph -->

<!-- wp:paragraph -->
<p>Cuphead – Desenho animado dos anos 30 em forma de jogo, lindo e brutalmente difícil.</p>
<!-- /wp:paragraph -->

<!-- wp:paragraph -->
<p>Dead Cells – Combate fluido, mapas que mudam sempre e evolução constante do personagem.</p>
<!-- /wp:paragraph -->

<!-- wp:paragraph -->
<p>Terraria – Explore, cave, crie, lute. Um sandbox 2D com infinitas possibilidades.</p>
<!-- /wp:paragraph -->

<!-- wp:paragraph -->
<p>Inside – Atmosfera tensa, visual minimalista e narrativa profunda sem dizer uma palavra.</p>
<!-- /wp:paragraph -->

<!-- wp:paragraph -->
<p>Limbo – Puzzles sombrios, estética preta e branca e uma experiência inesquecível.</p>
<!-- /wp:paragraph -->

<!-- wp:paragraph -->
<p>Minecraft – Um mundo de blocos infinito onde você cria, explora e dá vida ao que imaginar.</p>
<!-- /wp:paragraph -->]]></content:encoded>
		<excerpt:encoded><![CDATA[]]></excerpt:encoded>
		<wp:post_id>20</wp:post_id>
		<wp:post_date><![CDATA[2025-12-02 22:40:20]]></wp:post_date>
		<wp:post_date_gmt><![CDATA[2025-12-03 01:40:20]]></wp:post_date_gmt>
		<wp:post_modified><![CDATA[2025-12-02 22:40:20]]></wp:post_modified>
		<wp:post_modified_gmt><![CDATA[2025-12-03 01:40:20]]></wp:post_modified_gmt>
		<wp:comment_status><![CDATA[closed]]></wp:comment_status>
		<wp:ping_status><![CDATA[closed]]></wp:ping_status>
		<wp:post_name><![CDATA[jogos]]></wp:post_name>
		<wp:status><![CDATA[publish]]></wp:status>
		<wp:post_parent>0</wp:post_parent>
		<wp:menu_order>0</wp:menu_order>
		<wp:post_type><![CDATA[page]]></wp:post_type>
		<wp:post_password><![CDATA[]]></wp:post_password>
		<wp:is_sticky>0</wp:is_sticky>
														<wp:postmeta>
		<wp:meta_key><![CDATA[_publicize_pending]]></wp:meta_key>
		<wp:meta_value><![CDATA[1]]></wp:meta_value>
		</wp:postmeta>
							<wp:postmeta>
		<wp:meta_key><![CDATA[_elasticsearch_data_sharing_indexed_on]]></wp:meta_key>
		<wp:meta_value><![CDATA[2025-12-03 00:46:56]]></wp:meta_value>
		</wp:postmeta>
							<wp:postmeta>
		<wp:meta_key><![CDATA[_last_editor_used_jetpack]]></wp:meta_key>
		<wp:meta_value><![CDATA[block-editor]]></wp:meta_value>
		</wp:postmeta>
							</item>
					<item>
		<title><![CDATA[Contato]]></title>
		<link>https://davidfernandoferreiramoura2009-srjfb.wordpress.com/?page_id=21</link>
		<pubDate>Tue, 02 Dec 2025 23:43:47 +0000</pubDate>
		<dc:creator><![CDATA[davidfernandoferreiramoura2009]]></dc:creator>
		<guid isPermaLink="false">https://davidfernandoferreiramoura2009-srjfb.wordpress.com/?page_id=21</guid>
		<description></description>
		<content:encoded><![CDATA[]]></content:encoded>
		<excerpt:encoded><![CDATA[]]></excerpt:encoded>
		<wp:post_id>21</wp:post_id>
		<wp:post_date><![CDATA[2025-12-02 20:43:47]]></wp:post_date>
		<wp:post_date_gmt><![CDATA[2025-12-02 23:43:47]]></wp:post_date_gmt>
		<wp:post_modified><![CDATA[2025-12-02 20:43:47]]></wp:post_modified>
		<wp:post_modified_gmt><![CDATA[2025-12-02 23:43:47]]></wp:post_modified_gmt>
		<wp:comment_status><![CDATA[closed]]></wp:comment_status>
		<wp:ping_status><![CDATA[closed]]></wp:ping_status>
		<wp:post_name><![CDATA[contato__trashed]]></wp:post_name>
		<wp:status><![CDATA[trash]]></wp:status>
		<wp:post_parent>0</wp:post_parent>
		<wp:menu_order>0</wp:menu_order>
		<wp:post_type><![CDATA[page]]></wp:post_type>
		<wp:post_password><![CDATA[]]></wp:post_password>
		<wp:is_sticky>0</wp:is_sticky>
														<wp:postmeta>
		<wp:meta_key><![CDATA[_wp_trash_meta_status]]></wp:meta_key>
		<wp:meta_value><![CDATA[draft]]></wp:meta_value>
		</wp:postmeta>
							<wp:postmeta>
		<wp:meta_key><![CDATA[_wp_trash_meta_time]]></wp:meta_key>
		<wp:meta_value><![CDATA[1764719027]]></wp:meta_value>
		</wp:postmeta>
							<wp:postmeta>
		<wp:meta_key><![CDATA[_wp_desired_post_slug]]></wp:meta_key>
		<wp:meta_value><![CDATA[contato]]></wp:meta_value>
		</wp:postmeta>
							</item>
					<item>
		<title><![CDATA[ODS]]></title>
		<link>https://davidfernandoferreiramoura2009-srjfb.wordpress.com/?page_id=22</link>
		<pubDate>Tue, 02 Dec 2025 23:43:58 +0000</pubDate>
		<dc:creator><![CDATA[davidfernandoferreiramoura2009]]></dc:creator>
		<guid isPermaLink="false">https://davidfernandoferreiramoura2009-srjfb.wordpress.com/?page_id=22</guid>
		<description></description>
		<content:encoded><![CDATA[]]></content:encoded>
		<excerpt:encoded><![CDATA[]]></excerpt:encoded>
		<wp:post_id>22</wp:post_id>
		<wp:post_date><![CDATA[2025-12-02 20:43:58]]></wp:post_date>
		<wp:post_date_gmt><![CDATA[2025-12-02 23:43:58]]></wp:post_date_gmt>
		<wp:post_modified><![CDATA[2025-12-02 20:43:58]]></wp:post_modified>
		<wp:post_modified_gmt><![CDATA[2025-12-02 23:43:58]]></wp:post_modified_gmt>
		<wp:comment_status><![CDATA[closed]]></wp:comment_status>
		<wp:ping_status><![CDATA[closed]]></wp:ping_status>
		<wp:post_name><![CDATA[ods__trashed]]></wp:post_name>
		<wp:status><![CDATA[trash]]></wp:status>
		<wp:post_parent>0</wp:post_parent>
		<wp:menu_order>0</wp:menu_order>
		<wp:post_type><![CDATA[page]]></wp:post_type>
		<wp:post_password><![CDATA[]]></wp:post_password>
		<wp:is_sticky>0</wp:is_sticky>
														<wp:postmeta>
		<wp:meta_key><![CDATA[_wp_trash_meta_status]]></wp:meta_key>
		<wp:meta_value><![CDATA[draft]]></wp:meta_value>
		</wp:postmeta>
							<wp:postmeta>
		<wp:meta_key><![CDATA[_wp_trash_meta_time]]></wp:meta_key>
		<wp:meta_value><![CDATA[1764719038]]></wp:meta_value>
		</wp:postmeta>
							<wp:postmeta>
		<wp:meta_key><![CDATA[_wp_desired_post_slug]]></wp:meta_key>
		<wp:meta_value><![CDATA[ods]]></wp:meta_value>
		</wp:postmeta>
							</item>
					<item>
		<title><![CDATA[Home]]></title>
		<link>https://davidfernandoferreiramoura2009-srjfb.wordpress.com/?page_id=43</link>
		<pubDate>Wed, 03 Dec 2025 01:17:39 +0000</pubDate>
		<dc:creator><![CDATA[davidfernandoferreiramoura2009]]></dc:creator>
		<guid isPermaLink="false">https://davidfernandoferreiramoura2009-srjfb.wordpress.com/?page_id=43</guid>
		<description></description>
		<content:encoded><![CDATA[]]></content:encoded>
		<excerpt:encoded><![CDATA[]]></excerpt:encoded>
		<wp:post_id>43</wp:post_id>
		<wp:post_date><![CDATA[2025-12-02 22:17:39]]></wp:post_date>
		<wp:post_date_gmt><![CDATA[2025-12-03 01:17:39]]></wp:post_date_gmt>
		<wp:post_modified><![CDATA[2025-12-02 22:17:39]]></wp:post_modified>
		<wp:post_modified_gmt><![CDATA[2025-12-03 01:17:39]]></wp:post_modified_gmt>
		<wp:comment_status><![CDATA[closed]]></wp:comment_status>
		<wp:ping_status><![CDATA[closed]]></wp:ping_status>
		<wp:post_name><![CDATA[__trashed]]></wp:post_name>
		<wp:status><![CDATA[trash]]></wp:status>
		<wp:post_parent>0</wp:post_parent>
		<wp:menu_order>0</wp:menu_order>
		<wp:post_type><![CDATA[page]]></wp:post_type>
		<wp:post_password><![CDATA[]]></wp:post_password>
		<wp:is_sticky>0</wp:is_sticky>
														<wp:postmeta>
		<wp:meta_key><![CDATA[_wp_trash_meta_status]]></wp:meta_key>
		<wp:meta_value><![CDATA[draft]]></wp:meta_value>
		</wp:postmeta>
							<wp:postmeta>
		<wp:meta_key><![CDATA[_wp_trash_meta_time]]></wp:meta_key>
		<wp:meta_value><![CDATA[1764724659]]></wp:meta_value>
		</wp:postmeta>
							<wp:postmeta>
		<wp:meta_key><![CDATA[_wp_desired_post_slug]]></wp:meta_key>
		<wp:meta_value><![CDATA[]]></wp:meta_value>
		</wp:postmeta>
							</item>
					<item>
		<title><![CDATA[Navigation]]></title>
		<link>https://davidfernandoferreiramoura2009-srjfb.wordpress.com/2025/12/02/navigation/</link>
		<pubDate>Tue, 02 Dec 2025 22:56:15 +0000</pubDate>
		<dc:creator><![CDATA[davidfernandoferreiramoura2009]]></dc:creator>
		<guid isPermaLink="false">https://davidfernandoferreiramoura2009-srjfb.wordpress.com/2025/12/02/navigation/</guid>
		<description></description>
		<content:encoded><![CDATA[]]></content:encoded>
		<excerpt:encoded><![CDATA[]]></excerpt:encoded>
		<wp:post_id>17</wp:post_id>
		<wp:post_date><![CDATA[2025-12-02 19:56:15]]></wp:post_date>
		<wp:post_date_gmt><![CDATA[2025-12-02 22:56:15]]></wp:post_date_gmt>
		<wp:post_modified><![CDATA[2025-12-02 21:00:10]]></wp:post_modified>
		<wp:post_modified_gmt><![CDATA[2025-12-03 00:00:10]]></wp:post_modified_gmt>
		<wp:comment_status><![CDATA[closed]]></wp:comment_status>
		<wp:ping_status><![CDATA[closed]]></wp:ping_status>
		<wp:post_name><![CDATA[navigation]]></wp:post_name>
		<wp:status><![CDATA[publish]]></wp:status>
		<wp:post_parent>0</wp:post_parent>
		<wp:menu_order>0</wp:menu_order>
		<wp:post_type><![CDATA[wp_navigation]]></wp:post_type>
		<wp:post_password><![CDATA[]]></wp:post_password>
		<wp:is_sticky>0</wp:is_sticky>
														</item>
					<item>
		<title><![CDATA[Index]]></title>
		<link>https://davidfernandoferreiramoura2009-srjfb.wordpress.com/2025/12/02/index/</link>
		<pubDate>Wed, 03 Dec 2025 00:00:11 +0000</pubDate>
		<dc:creator><![CDATA[davidfernandoferreiramoura2009]]></dc:creator>
		<guid isPermaLink="false">https://davidfernandoferreiramoura2009-srjfb.wordpress.com/2025/12/02/index/</guid>
		<description></description>
		<content:encoded><![CDATA[<!-- wp:template-part {"slug":"header","theme":"pub/bedrock","tagName":"header","align":"full"} /-->

<!-- wp:image {"sizeSlug":"large"} -->
<figure class="wp-block-image size-large"><img src="https://assets.nintendo.com/image/upload/c_fill,w_1200/q_auto:best/f_auto/dpr_2.0/store/software/switch/70010000003208/4643fb058642335c523910f3a7910575f56372f612f7c0c9a497aaae978d3e51" alt="" /></figure>
<!-- /wp:image -->

<!-- wp:list -->
<ul class="wp-block-list"><!-- wp:list-item -->
<li></li>
<!-- /wp:list-item --></ul>
<!-- /wp:list -->

<!-- wp:columns -->
<div class="wp-block-columns"><!-- wp:column {"width":"66.66%"} -->
<div class="wp-block-column" style="flex-basis:66.66%"><!-- wp:heading -->
<h2 class="wp-block-heading">Hollow Knigth</h2>
<!-- /wp:heading -->

<!-- wp:paragraph -->
<p>Lançamento: 2017<br>Equipe principal: Team Cherry (3 devs na produção inicial)</p>
<!-- /wp:paragraph -->

<!-- wp:paragraph -->
<p>Hollow Knight é considerado uma obra-prima indie moderna. Criado com um orçamento baixo e uma equipe minúscula, ele conquistou o público pelo seu mundo vasto e interconectado, onde o jogador explora o reino decadente de Hallownest. Cada área tem identidade visual própria, inimigos exclusivos e uma atmosfera triste e misteriosa. O jogador é levado a descobrir a história fragmentada por meio de conversas, objetos e ambientes, transformando exploração em narrativa.</p>
<!-- /wp:paragraph -->

<!-- wp:paragraph -->
<p>O game se destaca pelo combate preciso, dificuldades desafiadoras, chefes memoráveis e trilha sonora emocionalmente carregada. Não existe pressa — é o jogador quem decide para onde ir, o que enfrentar e como evoluir. O sentido de descoberta é constante e recompensador.</p>
<!-- /wp:paragraph -->

<!-- wp:paragraph -->
<p>O impacto foi tão grande que a comunidade aguarda Silksong como um dos jogos independentes mais esperados da atualidade. Hollow Knight provou que paixão e direção artística bem definida valem mais que orçamento gigante.</p>
<!-- /wp:paragraph -->

<!-- wp:paragraph -->
<p>Um metroidvania desafiador em um reino subterrâneo cheio de mistérios.</p>
<!-- /wp:paragraph -->

<!-- wp:paragraph -->
<p>saiba mais...                                <a href="https://store.steampowered.com/app/367520/Hollow_Knight/">https://store.steampowered.com/app/367520/Hollow_Knight/</a></p>
<!-- /wp:paragraph --></div>
<!-- /wp:column -->

<!-- wp:column {"width":"33.33%"} -->
<div class="wp-block-column" style="flex-basis:33.33%"><!-- wp:image {"sizeSlug":"large"} -->
<figure class="wp-block-image size-large"><img src="https://assets.nintendo.com/image/upload/c_fill,w_1200/q_auto:best/f_auto/dpr_2.0/store/software/switch/70010000003208/4643fb058642335c523910f3a7910575f56372f612f7c0c9a497aaae978d3e51" alt="" /></figure>
<!-- /wp:image -->

<!-- wp:image {"width":"555px","height":"auto","sizeSlug":"large"} -->
<figure class="wp-block-image size-large is-resized"><img src="https://store-images.s-microsoft.com/image/apps.24270.13847644057609868.a4a91f76-8d1c-4e19-aa78-f4d27d2818fb.d96146d7-d00a-4db9-ad68-197b2f962a17?q=90&amp;w=480&amp;h=270" alt="" style="width:555px;height:auto" /></figure>
<!-- /wp:image --></div>
<!-- /wp:column --></div>
<!-- /wp:columns -->

<!-- wp:columns -->
<div class="wp-block-columns"><!-- wp:column {"width":"66.66%"} -->
<div class="wp-block-column" style="flex-basis:66.66%"><!-- wp:heading -->
<h2 class="wp-block-heading">Stardew Valley</h2>
<!-- /wp:heading -->

<!-- wp:paragraph -->
<p>Lançamento: 2016<br>Desenvolvedor solo: Eric Barone (ConcernedApe)</p>
<!-- /wp:paragraph -->

<!-- wp:paragraph -->
<p>Por quatro anos, Eric Barone trabalhou sozinho programando, desenhando, animando e compondo Stardew Valley — um feito raro na indústria. O jogo resgatou a essência de Harvest Moon e expandiu com ainda mais profundidade e liberdade. A premissa é simples: o jogador herda uma fazenda abandonada e precisa reconstruí-la, plantando, criando animais, construindo celeiros, fazendo amizades, pescando, minerando, cozinhando e vivendo uma rotina tranquila.</p>
<!-- /wp:paragraph -->

<!-- wp:paragraph -->
<p>O que tornou o jogo especial é o jeito como ele entrega progresso natural. Cada estação traz eventos novos, as relações com personagens evoluem como em uma vida real, e até casamento e família são possíveis. Atualizações gratuitas ampliaram o conteúdo ao longo dos anos, mantendo o jogo vivo e amado.</p>
<!-- /wp:paragraph -->

<!-- wp:paragraph -->
<p>Stardew Valley é indie até o coração: feito com amor, com calma, com autenticidade. E o mundo notou — tornou-se um dos jogos mais queridos e terapêuticos da década.</p>
<!-- /wp:paragraph -->

<!-- wp:paragraph -->
<p>Viva outra vida: plante, pesque, crie animais e faça amigos. Relaxante e viciante.</p>
<!-- /wp:paragraph -->

<!-- wp:paragraph -->
<p>saiba mais...                                <a href="https://store.steampowered.com/app/413150/Stardew_Valley/">https://store.steampowered.com/app/413150/Stardew_Valley/</a></p>
<!-- /wp:paragraph --></div>
<!-- /wp:column -->

<!-- wp:column {"width":"33.33%"} -->
<div class="wp-block-column" style="flex-basis:33.33%"><!-- wp:image {"sizeSlug":"large"} -->
<figure class="wp-block-image size-large"><img src="https://shared.akamai.steamstatic.com/store_item_assets/steam/apps/413150/capsule_616x353.jpg?t=1754692865" alt="" /></figure>
<!-- /wp:image -->

<!-- wp:image {"sizeSlug":"large"} -->
<figure class="wp-block-image size-large"><img src="https://s2-techtudo.glbimg.com/OWYLSrfnppZ3NcnAGyIMM8xamRM=/0x0:1920x1080/984x0/smart/filters:strip_icc()/i.s3.glbimg.com/v1/AUTH_08fbf48bc0524877943fe86e43087e7a/internal_photos/bs/2024/c/1/aqwHM2SMq2BFUTLs1MXw/imagem-2024-03-21-153717148.png" alt="" /></figure>
<!-- /wp:image --></div>
<!-- /wp:column --></div>
<!-- /wp:columns -->

<!-- wp:columns -->
<div class="wp-block-columns"><!-- wp:column {"width":"66.66%"} -->
<div class="wp-block-column" style="flex-basis:66.66%"><!-- wp:heading -->
<h2 class="wp-block-heading">Hades</h2>
<!-- /wp:heading -->

<!-- wp:paragraph -->
<p>Lançamento oficial: 2020<br>Desenvolvedora: Supergiant Games</p>
<!-- /wp:paragraph -->

<!-- wp:paragraph -->
<p>Hades levou o estilo roguelike a outro nível. O jogador vive Zagreu, filho de Hades, tentando escapar do submundo. Cada tentativa de fuga é uma nova linha narrativa — personagens têm diálogos inéditos mesmo após dezenas de horas de jogo. Isso cria conexão emocional com deuses, inimigos e aliados.</p>
<!-- /wp:paragraph -->

<!-- wp:paragraph -->
<p>A jogabilidade é frenética, com armas variadas, poderes divinos, builds quase infinitas e batalhas fluidas. Mesmo morrendo, o jogador retorna mais preparado e motivado, descobrindo novos diálogos, cutscenes e upgrades permanentes.</p>
<!-- /wp:paragraph -->

<!-- wp:paragraph -->
<p>A direção de arte vibrante, trilha sonora épica e roteiro profundo tornaram Hades um clássico imediato. O jogo ganhou prêmios de Jogo do Ano, Melhor Narrativa, Melhor Direção e mais — algo raro para um indie. Um título que mostra o poder da repetição inteligente e da evolução criativa.</p>
<!-- /wp:paragraph -->

<!-- wp:paragraph -->
<p>Escape do submundo em um roguelike frenético com personalidade única.</p>
<!-- /wp:paragraph -->

<!-- wp:paragraph -->
<p>saiba mais...                                        <a href="https://store.steampowered.com/app/1145360/Hades/">https://store.steampowered.com/app/1145360/Hades/</a></p>
<!-- /wp:paragraph --></div>
<!-- /wp:column -->

<!-- wp:column {"width":"33.33%"} -->
<div class="wp-block-column" style="flex-basis:33.33%"><!-- wp:image {"width":"499px","height":"auto","sizeSlug":"large"} -->
<figure class="wp-block-image size-large is-resized"><img src="https://encrypted-tbn0.gstatic.com/images?q=tbn:ANd9GcQDfEGVZLYfpHFkoWEn-hQcWIs7e9MJAWr7P9tYz11wc2SAWk3tqSYXa_UavctoWGo1O2N8UwQzo_JK2jZRTdHhVPlCH6N0YeUBLM21_ZUy&amp;s=10" alt="" style="width:499px;height:auto" /></figure>
<!-- /wp:image -->

<!-- wp:image {"width":"497px","height":"auto","sizeSlug":"large"} -->
<figure class="wp-block-image size-large is-resized"><img src="https://clan.fastly.steamstatic.com/images/35685771/c704b6095f2b580bbbd9ae8e00989687e1fe1d40_400x225.png" alt="" style="width:497px;height:auto" /></figure>
<!-- /wp:image --></div>
<!-- /wp:column --></div>
<!-- /wp:columns -->

<!-- wp:columns -->
<div class="wp-block-columns"><!-- wp:column {"width":"66.66%"} -->
<div class="wp-block-column" style="flex-basis:66.66%"><!-- wp:heading -->
<h2 class="wp-block-heading">Celeste</h2>
<!-- /wp:heading -->

<!-- wp:paragraph -->
<p>Lançamento: 2018<br>Estúdio: Maddy Makes Games</p>
<!-- /wp:paragraph -->

<!-- wp:paragraph -->
<p>Celeste é um platformer desafiador que se tornou um símbolo de superação emocional. A protagonista Madeline decide escalar a Montanha Celeste enquanto enfrenta crises psicológicas, ansiedade e uma versão sombria de si mesma. Cada fase é uma metáfora visual para sentimentos reais — pressão, medo, queda, recuperação.</p>
<!-- /wp:paragraph -->

<!-- wp:paragraph -->
<p>O controle é preciso e difícil, mas sempre justo. O jogo encoraja o jogador a continuar tentando, transmitindo mensagem de força interior. A trilha sonora responde ao ritmo emocional, com melodias calmas ou tensas que intensificam a imersão.</p>
<!-- /wp:paragraph -->

<!-- wp:paragraph -->
<p>Celeste foi amplamente premiado por seu enredo sensível, acessibilidade e impacto emocional. Ele não é só um jogo; é uma experiência humana que marcou a indústria indie.</p>
<!-- /wp:paragraph -->

<!-- wp:paragraph -->
<p>Desafios precisos e uma história emocionante de superação e ansiedade.</p>
<!-- /wp:paragraph -->

<!-- wp:paragraph -->
<p>saiba mais...                                       <a href="https://store.steampowered.com/app/504230/Celeste/](https://store.steampowered.com/app/504230/Celeste/">https://store.steampowered.com/app/504230/Celeste/</a></p>
<!-- /wp:paragraph --></div>
<!-- /wp:column -->

<!-- wp:column {"width":"33.33%"} -->
<div class="wp-block-column" style="flex-basis:33.33%"><!-- wp:image {"sizeSlug":"large"} -->
<figure class="wp-block-image size-large"><img src="https://blogger.googleusercontent.com/img/b/R29vZ2xl/AVvXsEgGknK2KVut2ZPvOUERsq5ArGdz4RtnYgbyWSM3phyWg3i6ne5JkkFG6CoG5tdUnPlnv6u2tI2LUSLanzoOXTU6fDKnWw30xyEzxAyWnHlFbHLyoK6PcKEot7Sph4_k6wp0foLwqxYksgCu/s1600/celeste-capa.jpg" alt="" /></figure>
<!-- /wp:image -->

<!-- wp:image {"sizeSlug":"large"} -->
<figure class="wp-block-image size-large"><img src="https://img.redbull.com/images/c_crop,w_1602,h_801,x_0,y_174/c_auto,w_1200,h_600/f_auto,q_auto/redbullcom/2018/01/29/0e3a1492-f641-4686-a983-107bd5fbe981/celeste-game" alt="" /></figure>
<!-- /wp:image --></div>
<!-- /wp:column --></div>
<!-- /wp:columns -->

<!-- wp:columns -->
<div class="wp-block-columns"><!-- wp:column {"width":"66.66%"} -->
<div class="wp-block-column" style="flex-basis:66.66%"><!-- wp:heading -->
<h2 class="wp-block-heading">Undertale</h2>
<!-- /wp:heading -->

<!-- wp:paragraph -->
<p>Lançamento: 2015<br>Criador solo: Toby Fox</p>
<!-- /wp:paragraph -->

<!-- wp:paragraph -->
<p>Undertale é um RPG que questiona o que significa "jogar um RPG". Em vez de apenas lutar, o jogador pode conversar, perdoar e criar laços com os monstros. Cada decisão importa — e o jogo lembra delas, mesmo se você tentar voltar atrás. Isso cria rotas narrativas totalmente diferentes, incluindo finais pacíficos ou sombrios.</p>
<!-- /wp:paragraph -->

<!-- wp:paragraph -->
<p>Os personagens são carismáticos, únicos e memoráveis. Sans, Papyrus, Toriel e Undyne se tornaram ícones culturais pela personalidade e profundidade. A trilha sonora, também composta por Toby Fox, virou uma das mais amadas da história gamer.</p>
<!-- /wp:paragraph -->

<!-- wp:paragraph -->
<p>Minimalista em gráficos, gigante em significado. Undertale prova que emoção vale mais que realismo visual.                       </p>
<!-- /wp:paragraph -->

<!-- wp:paragraph -->
<p>Um RPG onde você pode fazer amizade com os inimigos — escolhas que mudam tudo.</p>
<!-- /wp:paragraph -->

<!-- wp:paragraph -->
<p>saiba mais...                                     <a href="https://store.steampowered.com/app/391540/Undertale/">https://store.steampowered.com/app/391540/Undertale/</a></p>
<!-- /wp:paragraph --></div>
<!-- /wp:column -->

<!-- wp:column {"width":"33.33%"} -->
<div class="wp-block-column" style="flex-basis:33.33%"><!-- wp:image {"sizeSlug":"large"} -->
<figure class="wp-block-image size-large"><img src="https://miro.medium.com/v2/resize:fit:1400/1*4mliP8QWc3LsJUZUGP1AbQ.png" alt="" /></figure>
<!-- /wp:image -->

<!-- wp:image {"sizeSlug":"large"} -->
<figure class="wp-block-image size-large"><img src="https://res.cloudinary.com/jerrick/image/upload/v1724258809/66c619f9c88bef001c0f1ec4.webp" alt="" /></figure>
<!-- /wp:image --></div>
<!-- /wp:column --></div>
<!-- /wp:columns -->

<!-- wp:columns -->
<div class="wp-block-columns"><!-- wp:column {"width":"66.66%"} -->
<div class="wp-block-column" style="flex-basis:66.66%"><!-- wp:heading -->
<h2 class="wp-block-heading">Cuphead</h2>
<!-- /wp:heading -->

<!-- wp:paragraph -->
<p>Lançamento: 2017<br>Desenvolvedora: Studio MDHR (equipe familiar pequena)</p>
<!-- /wp:paragraph -->

<!-- wp:paragraph -->
<p>Cuphead é uma carta de amor aos desenhos de 1930. Cada quadro do jogo foi ilustrado e pintado à mão, com animação tradicional estilo Disney/Max Fleischer. Somado a trilha jazz original, o jogo parece um desenho antigo jogável — algo único na indústria.</p>
<!-- /wp:paragraph -->

<!-- wp:paragraph -->
<p>Mas não se engane: é lindo e brutal. As batalhas contra chefes exigem reflexo, estudo e paciência. A dificuldade é parte da identidade — vencer é uma recompensa real.</p>
<!-- /wp:paragraph -->

<!-- wp:paragraph -->
<p>Os desenvolvedores chegaram a hipotecar a casa para terminar o projeto, mostrando o nível de dedicação necessário. Cuphead virou fenômeno, ganhou DLC, série animada e respeito mundial por manter viva a arte tradicional.</p>
<!-- /wp:paragraph -->

<!-- wp:paragraph -->
<p>Desenho animado dos anos 30 em forma de jogo, lindo e brutalmente difícil.</p>
<!-- /wp:paragraph -->

<!-- wp:paragraph -->
<p>saiba mais...                                       <a href="https://store.steampowered.com/app/391540/Undertale/"></a><a href="https://store.steampowered.com/app/268910/Cuphead/">https://store.steampowered.com/app/268910/Cuphead/</a></p>
<!-- /wp:paragraph --></div>
<!-- /wp:column -->

<!-- wp:column {"width":"33.33%"} -->
<div class="wp-block-column" style="flex-basis:33.33%"><!-- wp:image {"sizeSlug":"large"} -->
<figure class="wp-block-image size-large"><img src="https://assets.nintendo.com/image/upload/q_auto/f_auto/store/software/switch/70010000016330/d94d2186ef03c930392253c83c84af0c73b7e57cd902a526b09b4155a25930fe" alt="" /></figure>
<!-- /wp:image -->

<!-- wp:image {"sizeSlug":"large"} -->
<figure class="wp-block-image size-large"><img src="https://uploads.jovemnerd.com.br/wp-content/uploads/2017/12/cuphead-desenvolvimento-em-imagens.jpg" alt="" /></figure>
<!-- /wp:image --></div>
<!-- /wp:column --></div>
<!-- /wp:columns -->

<!-- wp:columns -->
<div class="wp-block-columns"><!-- wp:column {"width":"66.66%"} -->
<div class="wp-block-column" style="flex-basis:66.66%"><!-- wp:heading -->
<h2 class="wp-block-heading">Dead Cells</h2>
<!-- /wp:heading -->

<!-- wp:paragraph -->
<p>Lançamento: 2018<br>Desenvolvedora: Motion Twin</p>
<!-- /wp:paragraph -->

<!-- wp:paragraph -->
<p>Dead Cells mistura duas filosofias: roguelike (progresso baseado em tentativas) e metroidvania (exploração com desbloqueios permanentes). O combate é fluido, plástico e veloz, com armas, magias, armaduras e mutações que permitem criar estilos completamente diferentes de luta.</p>
<!-- /wp:paragraph -->

<!-- wp:paragraph -->
<p>Cada morte reinicia a jornada, mas o progresso do jogador permanece em forma de experiência e upgrades desbloqueados. Isso mantém o ciclo viciante de tentativa e evolução.</p>
<!-- /wp:paragraph -->

<!-- wp:paragraph -->
<p>O jogo continua crescendo — recebeu vários DLCs, novos mapas, armas lendárias e até colaboração com Castlevania. Dead Cells permanece vivo, relevante e amado por quem valoriza desafio e liberdade de build.</p>
<!-- /wp:paragraph -->

<!-- wp:paragraph -->
<p>Combate fluido, mapas que mudam sempre e evolução constante do personagem.</p>
<!-- /wp:paragraph -->

<!-- wp:paragraph -->
<p>saiba mais...                                    <a href="https://store.steampowered.com/app/588650/Dead_Cells/">https://store.steampowered.com/app/588650/Dead_Cells/</a></p>
<!-- /wp:paragraph --></div>
<!-- /wp:column -->

<!-- wp:column {"width":"33.33%"} -->
<div class="wp-block-column" style="flex-basis:33.33%"><!-- wp:image {"sizeSlug":"large"} -->
<figure class="wp-block-image size-large"><img src="https://shared.akamai.steamstatic.com/store_item_assets/steam/apps/588650/capsule_616x353.jpg?t=1761123066" alt="" /></figure>
<!-- /wp:image -->

<!-- wp:image {"sizeSlug":"large"} -->
<figure class="wp-block-image size-large"><img src="https://i0.wp.com/rogueliker.com/wp-content/uploads/2025/08/blazblue-x-dead-cells-blogroll-1753831267320.jpg.webp?fit=1280%2C720&amp;ssl=1" alt="" /></figure>
<!-- /wp:image --></div>
<!-- /wp:column --></div>
<!-- /wp:columns -->

<!-- wp:columns -->
<div class="wp-block-columns"><!-- wp:column {"width":"66.66%"} -->
<div class="wp-block-column" style="flex-basis:66.66%"><!-- wp:heading -->
<h2 class="wp-block-heading">Terraria</h2>
<!-- /wp:heading -->

<!-- wp:paragraph -->
<p>Lançamento: 2011<br>Desenvolvedora: Re-Logic</p>
<!-- /wp:paragraph -->

<!-- wp:paragraph -->
<p>Terraria é um dos maiores sandbox 2D da história. Começa simples: um machado, uma picareta e um mundo a ser explorado. Mas logo se transforma em uma aventura colossal, com centenas de equipamentos, bosses gigantescos, biomas perigosos e eventos épicos.</p>
<!-- /wp:paragraph -->

<!-- wp:paragraph -->
<p>A jogabilidade mistura sobrevivência, RPG, construção e exploração. Pode-se criar vilas, fazendas automáticas, bases submarinas, arena de bosses, cavernas profundas e máquinas complexas com fios e lógica.</p>
<!-- /wp:paragraph -->

<!-- wp:paragraph -->
<p>Com atualizações constantes por mais de uma década, Terraria se tornou um universo vivo que inspira criadores no mundo inteiro. É um jogo infinito em criatividade, aventura e possibilidade.</p>
<!-- /wp:paragraph -->

<!-- wp:paragraph -->
<p>Explore, cave, crie, lute. Um sandbox 2D com infinitas possibilidades.</p>
<!-- /wp:paragraph -->

<!-- wp:paragraph -->
<p>saiba mais...                                      <a href="https://store.steampowered.com/app/105600/Terraria/">https://store.steampowered.com/app/105600/Terraria/</a></p>
<!-- /wp:paragraph --></div>
<!-- /wp:column -->

<!-- wp:column {"width":"33.33%"} -->
<div class="wp-block-column" style="flex-basis:33.33%"><!-- wp:image {"width":"555px","height":"auto","sizeSlug":"large"} -->
<figure class="wp-block-image size-large is-resized"><img src="https://shared.fastly.steamstatic.com/store_item_assets/steam/apps/105600/header.jpg?t=1731252354" alt="" style="width:555px;height:auto" /></figure>
<!-- /wp:image -->

<!-- wp:image {"sizeSlug":"large"} -->
<figure class="wp-block-image size-large"><img src="https://s2-techtudo.glbimg.com/UrvTm5-dHDmz8riJGcO6Zsi3Prk=/0x0:695x449/984x0/smart/filters:strip_icc()/i.s3.glbimg.com/v1/AUTH_08fbf48bc0524877943fe86e43087e7a/internal_photos/bs/2021/m/a/PiTE25Qbq7npHuAJHUzg/2014-12-08-terraria.png" alt="" /></figure>
<!-- /wp:image --></div>
<!-- /wp:column --></div>
<!-- /wp:columns -->

<!-- wp:columns -->
<div class="wp-block-columns"><!-- wp:column {"width":"66.66%"} -->
<div class="wp-block-column" style="flex-basis:66.66%"><!-- wp:heading -->
<h2 class="wp-block-heading">Inside</h2>
<!-- /wp:heading -->

<!-- wp:paragraph -->
<p>Lançamento: 2016<br>Desenvolvedora: Playdead</p>
<!-- /wp:paragraph -->

<!-- wp:paragraph -->
<p>Inside é minimalista, silencioso, inquietante. Você controla um menino que foge por florestas, cidades e laboratórios dominados por uma organização misteriosa. Não há diálogos — o jogo fala através da atmosfera, da luz, dos sons metálicos, dos sustos repentinos.</p>
<!-- /wp:paragraph -->

<!-- wp:paragraph -->
<p>A ambientação é densa, cinzenta, quase sufocante. Cada puzzle conta parte da narrativa implícita, e o final aberto gerou teorias por anos. Inside é curto, mas intenso como cinema psicológico experimental.</p>
<!-- /wp:paragraph -->

<!-- wp:paragraph -->
<p>Ele não entrega respostas — ele provoca perguntas. E isso é o que o torna inesquecível.</p>
<!-- /wp:paragraph -->

<!-- wp:paragraph -->
<p>Atmosfera tensa, visual minimalista e narrativa profunda sem dizer uma palavra.</p>
<!-- /wp:paragraph -->

<!-- wp:paragraph -->
<p>saiba mais...                                        <a href="https://store.steampowered.com/app/304430/Inside/">https://store.steampowered.com/app/304430/Inside/</a></p>
<!-- /wp:paragraph --></div>
<!-- /wp:column -->

<!-- wp:column {"width":"33.33%"} -->
<div class="wp-block-column" style="flex-basis:33.33%"><!-- wp:image {"aspectRatio":"1.7778667200320193","sizeSlug":"large"} -->
<figure class="wp-block-image size-large"><img src="https://cdn1.epicgames.com/offer/13bb5776b9e1424d84ce42d9ba61c0ca/EGS_INSIDE_Playdead_S1_2560x1440-879c694b1a404230016bb8dfc83fa750" alt="" style="aspect-ratio:1.7778667200320193" /></figure>
<!-- /wp:image -->

<!-- wp:image {"sizeSlug":"large"} -->
<figure class="wp-block-image size-large"><img src="https://www.nintendo.com/eu/media/images/10_share_images/games_15/nintendo_switch_download_software_1/H2x1_NSwitchDS_Inside.jpg" alt="" /></figure>
<!-- /wp:image --></div>
<!-- /wp:column --></div>
<!-- /wp:columns -->

<!-- wp:columns -->
<div class="wp-block-columns"><!-- wp:column {"width":"66.66%"} -->
<div class="wp-block-column" style="flex-basis:66.66%"><!-- wp:heading -->
<h2 class="wp-block-heading">Limbo</h2>
<!-- /wp:heading -->

<!-- wp:paragraph -->
<p>Lançamento: 2010<br>Desenvolvedora: Playdead</p>
<!-- /wp:paragraph -->

<!-- wp:paragraph -->
<p>Limbo é poesia visual em preto e branco. Sem falas, sem textos, apenas sombras e silêncio. Um menino vaga por um mundo perigoso em busca de sua irmã, enfrentando aranhas gigantes, serras, eletricidade, gravidade invertida e armadilhas mortais.</p>
<!-- /wp:paragraph -->

<!-- wp:paragraph -->
<p>A falta de cor intensifica o peso emocional, criando uma experiência sombria, melancólica e filosófica. O jogo é interpretativo — cada jogador vê algo diferente nele.</p>
<!-- /wp:paragraph -->

<!-- wp:paragraph -->
<p>Limbo ajudou a definir o que é um indie artístico moderno. Um clássico que abriu portas para Inside, Gris, Little Nightmares e muitos outros.<br>Simples. Forte. Eternizado.</p>
<!-- /wp:paragraph -->

<!-- wp:paragraph -->
<p>Puzzles sombrios, estética preta e branca e uma experiência inesquecível.</p>
<!-- /wp:paragraph -->

<!-- wp:paragraph -->
<p>saiba mais...                                          <a href="https://store.steampowered.com/app/48000/LIMBO/">https://store.steampowered.com/app/48000/LIMBO/</a></p>
<!-- /wp:paragraph --></div>
<!-- /wp:column -->

<!-- wp:column {"width":"33.33%"} -->
<div class="wp-block-column" style="flex-basis:33.33%"><!-- wp:image {"sizeSlug":"large"} -->
<figure class="wp-block-image size-large"><img src="https://assets.nintendo.com/image/upload/f_auto/q_auto/dpr_1.5/c_scale,w_400/store/software/switch/70010000005802/19a3297c0c77743d3e2fc30b137d6c652608bc6b2c1cccf1aef48836e96a685e" alt="" /></figure>
<!-- /wp:image -->

<!-- wp:image {"sizeSlug":"large"} -->
<figure class="wp-block-image size-large"><img src="https://shared.fastly.steamstatic.com/store_item_assets/steam/apps/48000/capsule_616x353.jpg?t=1761819450" alt="" /></figure>
<!-- /wp:image --></div>
<!-- /wp:column --></div>
<!-- /wp:columns -->

<!-- wp:columns -->
<div class="wp-block-columns"><!-- wp:column {"width":"66.66%"} -->
<div class="wp-block-column" style="flex-basis:66.66%"><!-- wp:heading -->
<h2 class="wp-block-heading">Minecraft</h2>
<!-- /wp:heading -->

<!-- wp:paragraph -->
<p>Lançamento: 2011 (Alpha 2009 – Beta 2010)<br>Criador original: Markus Persson (Notch)<br>Desenvolvedora atual: Mojang Studios</p>
<!-- /wp:paragraph -->

<!-- wp:paragraph -->
<p>Minecraft é o maior exemplo da força do desenvolvimento independente. No início, era apenas um protótipo criado por Notch em Java, com gráficos simples e um mundo composto por blocos. A ideia de liberdade total foi o que transformou o jogo em algo inovador: o jogador pode quebrar, construir, explorar e modificar o ambiente à vontade, sem roteiro principal. Cada novo mundo nasce diferente, incentivando a criatividade e a experimentação.</p>
<!-- /wp:paragraph -->

<!-- wp:paragraph -->
<p>Com o passar do tempo, Minecraft cresceu de forma comunitária — feedback de jogadores ajudou a moldar biomas, mobs e recursos. O surgimento de mods e servidores multiplayer deu um novo rumo ao jogo, expandindo possibilidades infinitas: minigames, mundos gigantes, construções monumentais e até reproduções de cidades reais.</p>
<!-- /wp:paragraph -->

<!-- wp:paragraph -->
<p>Apesar de ter sido comprado pela Microsoft, sua essência indie permanece registrada na história: um jogo simples, criado por uma pessoa, que se tornou um dos maiores fenômenos culturais do mundo.<br>Minecraft não é só um jogo — é uma plataforma de criatividade humana.</p>
<!-- /wp:paragraph -->

<!-- wp:paragraph -->
<p>Um mundo de blocos infinito onde você cria, explora e dá vida ao que imaginar.</p>
<!-- /wp:paragraph -->

<!-- wp:paragraph -->
<p>saiba mais...                                    <a href="https://store.steampowered.com/app/736050/Minecraft/">https://store.steampowered.com/app/736050/Minecraft/</a></p>
<!-- /wp:paragraph --></div>
<!-- /wp:column -->

<!-- wp:column -->
<div class="wp-block-column"></div>
<!-- /wp:column -->

<!-- wp:column {"width":"33.33%"} -->
<div class="wp-block-column" style="flex-basis:33.33%"><!-- wp:image {"sizeSlug":"large"} -->
<figure class="wp-block-image size-large"><img src="https://assets.nintendo.com/image/upload/ar_16:9,c_lpad,w_1240/b_white/f_auto/q_auto/store/software/switch/70010000000964/a28a81253e919298beab2295e39a56b7a5140ef15abdb56135655e5c221b2a3a" alt="" /></figure>
<!-- /wp:image -->

<!-- wp:image {"sizeSlug":"large"} -->
<figure class="wp-block-image size-large"><img src="https://happy.com.br/wp-content/uploads/2015/11/Minecraft-para-jovens-e-criancas.jpg" alt="" /></figure>
<!-- /wp:image --></div>
<!-- /wp:column --></div>
<!-- /wp:columns -->

<!-- wp:group {"align":"full","style":{"spacing":{"margin":{"top":"0px","bottom":"0px"}}},"layout":{"type":"constrained"}} -->
<div class="wp-block-group alignfull" style="margin-top:0px;margin-bottom:0px"><!-- wp:template-part {"slug":"footer","theme":"pub/bedrock","tagName":"footer","align":"full"} /--></div>
<!-- /wp:group -->]]></content:encoded>
		<excerpt:encoded><![CDATA[Used as a fallback template for all pages when a more specific template is not defined.]]></excerpt:encoded>
		<wp:post_id>32</wp:post_id>
		<wp:post_date><![CDATA[2025-12-02 21:00:11]]></wp:post_date>
		<wp:post_date_gmt><![CDATA[2025-12-03 00:00:11]]></wp:post_date_gmt>
		<wp:post_modified><![CDATA[2025-12-02 22:23:03]]></wp:post_modified>
		<wp:post_modified_gmt><![CDATA[2025-12-03 01:23:03]]></wp:post_modified_gmt>
		<wp:comment_status><![CDATA[closed]]></wp:comment_status>
		<wp:ping_status><![CDATA[closed]]></wp:ping_status>
		<wp:post_name><![CDATA[index]]></wp:post_name>
		<wp:status><![CDATA[publish]]></wp:status>
		<wp:post_parent>0</wp:post_parent>
		<wp:menu_order>0</wp:menu_order>
		<wp:post_type><![CDATA[wp_template]]></wp:post_type>
		<wp:post_password><![CDATA[]]></wp:post_password>
		<wp:is_sticky>0</wp:is_sticky>
										<category domain="wp_theme" nicename="pub-bedrock"><![CDATA[pub/bedrock]]></category>
						<wp:postmeta>
		<wp:meta_key><![CDATA[origin]]></wp:meta_key>
		<wp:meta_value><![CDATA[theme]]></wp:meta_value>
		</wp:postmeta>
							<wp:postmeta>
		<wp:meta_key><![CDATA[_publicize_pending]]></wp:meta_key>
		<wp:meta_value><![CDATA[1]]></wp:meta_value>
		</wp:postmeta>
							</item>
					<item>
		<title><![CDATA[Header]]></title>
		<link>https://davidfernandoferreiramoura2009-srjfb.wordpress.com/2025/12/02/header/</link>
		<pubDate>Wed, 03 Dec 2025 00:00:11 +0000</pubDate>
		<dc:creator><![CDATA[davidfernandoferreiramoura2009]]></dc:creator>
		<guid isPermaLink="false">https://davidfernandoferreiramoura2009-srjfb.wordpress.com/2025/12/02/header/</guid>
		<description></description>
		<content:encoded><![CDATA[<!-- wp:group {"style":{"border":{"right":[],"bottom":{"color":"var:preset|color|contrast","width":"1px"},"left":[]},"spacing":{"padding":{"right":"var:preset|spacing|60","left":"var:preset|spacing|60","top":"var:preset|spacing|50","bottom":"var:preset|spacing|50"}}},"backgroundColor":"base","layout":{"type":"default"}} -->
<div class="wp-block-group has-base-background-color has-background" style="border-bottom-color:var(--wp--preset--color--contrast);border-bottom-width:1px;padding-top:var(--wp--preset--spacing--50);padding-right:var(--wp--preset--spacing--60);padding-bottom:var(--wp--preset--spacing--50);padding-left:var(--wp--preset--spacing--60)"><!-- wp:group {"align":"wide","layout":{"type":"flex","flexWrap":"wrap","justifyContent":"space-between"}} -->
<div class="wp-block-group alignwide"><!-- wp:site-title {"level":0,"style":{"layout":{"selfStretch":"fit","flexSize":null}}} /-->

<!-- wp:buttons -->
<div class="wp-block-buttons"><!-- wp:button {"className":"is-style-outline"} -->
<div class="wp-block-button is-style-outline"><a class="wp-block-button__link wp-element-button" href="https://davidfernandoferreiramoura2009-srjfb.wordpress.com/wp-admin/site-editor.php?p=%2Fpage%2F18&amp;canvas=edit">Home</a></div>
<!-- /wp:button -->

<!-- wp:button {"className":"is-style-outline"} -->
<div class="wp-block-button is-style-outline"><a class="wp-block-button__link wp-element-button" href="https://davidfernandoferreiramoura2009-srjfb.wordpress.com/wp-admin/site-editor.php?p=%2Fpage%2F20&amp;canvas=edit">jogos</a></div>
<!-- /wp:button -->

<!-- wp:button {"className":"is-style-outline"} -->
<div class="wp-block-button is-style-outline"><a class="wp-block-button__link wp-element-button" href="https://davidfernandoferreiramoura2009-srjfb.wordpress.com/wp-admin/site-editor.php?p=%2Fpage%2F19&amp;canvas=edit">sobre</a></div>
<!-- /wp:button --></div>
<!-- /wp:buttons --></div>
<!-- /wp:group --></div>
<!-- /wp:group -->]]></content:encoded>
		<excerpt:encoded><![CDATA[]]></excerpt:encoded>
		<wp:post_id>33</wp:post_id>
		<wp:post_date><![CDATA[2025-12-02 21:00:11]]></wp:post_date>
		<wp:post_date_gmt><![CDATA[2025-12-03 00:00:11]]></wp:post_date_gmt>
		<wp:post_modified><![CDATA[2025-12-02 22:42:17]]></wp:post_modified>
		<wp:post_modified_gmt><![CDATA[2025-12-03 01:42:17]]></wp:post_modified_gmt>
		<wp:comment_status><![CDATA[closed]]></wp:comment_status>
		<wp:ping_status><![CDATA[closed]]></wp:ping_status>
		<wp:post_name><![CDATA[header]]></wp:post_name>
		<wp:status><![CDATA[publish]]></wp:status>
		<wp:post_parent>0</wp:post_parent>
		<wp:menu_order>0</wp:menu_order>
		<wp:post_type><![CDATA[wp_template_part]]></wp:post_type>
		<wp:post_password><![CDATA[]]></wp:post_password>
		<wp:is_sticky>0</wp:is_sticky>
										<category domain="wp_template_part_area" nicename="header"><![CDATA[header]]></category>
		<category domain="wp_theme" nicename="pub-bedrock"><![CDATA[pub/bedrock]]></category>
						<wp:postmeta>
		<wp:meta_key><![CDATA[origin]]></wp:meta_key>
		<wp:meta_value><![CDATA[theme]]></wp:meta_value>
		</wp:postmeta>
							<wp:postmeta>
		<wp:meta_key><![CDATA[_publicize_pending]]></wp:meta_key>
		<wp:meta_value><![CDATA[1]]></wp:meta_value>
		</wp:postmeta>
							</item>
					<item>
		<title><![CDATA[Footer]]></title>
		<link>https://davidfernandoferreiramoura2009-srjfb.wordpress.com/2025/12/02/footer/</link>
		<pubDate>Wed, 03 Dec 2025 00:00:11 +0000</pubDate>
		<dc:creator><![CDATA[davidfernandoferreiramoura2009]]></dc:creator>
		<guid isPermaLink="false">https://davidfernandoferreiramoura2009-srjfb.wordpress.com/2025/12/02/footer/</guid>
		<description></description>
		<content:encoded><![CDATA[<!-- wp:group {"align":"full","style":{"spacing":{"padding":{"top":"var:preset|spacing|70","right":"var:preset|spacing|50","bottom":"var:preset|spacing|70","left":"var:preset|spacing|50"}},"border":{"top":{"color":"var:preset|color|contrast","width":"1px"},"right":[],"bottom":[],"left":[]}},"backgroundColor":"base","layout":{"type":"constrained"}} -->
<div class="wp-block-group alignfull has-base-background-color has-background" style="border-top-color:var(--wp--preset--color--contrast);border-top-width:1px;padding-top:var(--wp--preset--spacing--70);padding-right:var(--wp--preset--spacing--50);padding-bottom:var(--wp--preset--spacing--70);padding-left:var(--wp--preset--spacing--50)"><!-- wp:columns {"align":"wide"} -->
<div class="wp-block-columns alignwide"><!-- wp:column {"width":"50%"} -->
<div class="wp-block-column" style="flex-basis:50%"><!-- wp:group {"layout":{"type":"flex","flexWrap":"wrap"}} -->
<div class="wp-block-group"><!-- wp:site-title {"level":0,"style":{"layout":{"selfStretch":"fill","flexSize":null},"typography":{"lineHeight":"1.43"}}} /-->

<!-- wp:paragraph -->
<p>Jogos indies são jogos desenvolvidos por pequenas equipes ou até por uma única pessoa, sem apoio de grandes empresas. Eles focam mais na criatividade, inovação e histórias diferentes do que em gráficos superrealistas. Por terem liberdade total para criar, muitos jogos indies oferecem experiências únicas e marcantes, mostrando que boas ideias podem surgir mesmo com pouco orçamento.</p>
<!-- /wp:paragraph --></div>
<!-- /wp:group --></div>
<!-- /wp:column -->

<!-- wp:column {"width":"50%"} -->
<div class="wp-block-column" style="flex-basis:50%"><!-- wp:heading {"level":3,"className":"wp-block-heading","style":{"typography":{"fontStyle":"normal","fontWeight":"700","textTransform":"uppercase","lineHeight":"1.43"}}} -->
<h3 class="wp-block-heading" style="font-style:normal;font-weight:700;line-height:1.43;text-transform:uppercase">Indies</h3>
<!-- /wp:heading -->

<!-- wp:paragraph -->
<p>Os jogos independentes mostram que criatividade vale mais do que grandes empresas. Aqui você encontra descrições e histórias dos maiores clássicos indies.</p>
<!-- /wp:paragraph --></div>
<!-- /wp:column --></div>
<!-- /wp:columns -->

<!-- wp:group {"align":"wide","style":{"elements":{"link":{"color":{"text":"var:preset|color|contrast"}}},"spacing":{"margin":{"top":"var:preset|spacing|60"}}},"layout":{"type":"flex","flexWrap":"wrap","justifyContent":"space-between"}} -->
<div class="wp-block-group alignwide has-link-color" style="margin-top:var(--wp--preset--spacing--60)"><!-- wp:group {"layout":{"type":"flex","flexWrap":"wrap","justifyContent":"space-between"}} -->
<div class="wp-block-group"><!-- wp:paragraph {"fontSize":"small"} -->
<p class="has-small-font-size">Feito por David e Henryk</p>
<!-- /wp:paragraph --></div>
<!-- /wp:group -->

<!-- wp:paragraph {"lock":{"move":false,"remove":true},"className":"has-small-font-size","fontSize":"small"} -->
<p class="has-small-font-size"> <a href="https://wordpress.org" rel="nofollow">WordPress</a></p>
<!-- /wp:paragraph --></div>
<!-- /wp:group --></div>
<!-- /wp:group -->]]></content:encoded>
		<excerpt:encoded><![CDATA[]]></excerpt:encoded>
		<wp:post_id>34</wp:post_id>
		<wp:post_date><![CDATA[2025-12-02 21:00:11]]></wp:post_date>
		<wp:post_date_gmt><![CDATA[2025-12-03 00:00:11]]></wp:post_date_gmt>
		<wp:post_modified><![CDATA[2025-12-02 21:00:11]]></wp:post_modified>
		<wp:post_modified_gmt><![CDATA[2025-12-03 00:00:11]]></wp:post_modified_gmt>
		<wp:comment_status><![CDATA[closed]]></wp:comment_status>
		<wp:ping_status><![CDATA[closed]]></wp:ping_status>
		<wp:post_name><![CDATA[footer]]></wp:post_name>
		<wp:status><![CDATA[publish]]></wp:status>
		<wp:post_parent>0</wp:post_parent>
		<wp:menu_order>0</wp:menu_order>
		<wp:post_type><![CDATA[wp_template_part]]></wp:post_type>
		<wp:post_password><![CDATA[]]></wp:post_password>
		<wp:is_sticky>0</wp:is_sticky>
										<category domain="wp_template_part_area" nicename="footer"><![CDATA[footer]]></category>
		<category domain="wp_theme" nicename="pub-bedrock"><![CDATA[pub/bedrock]]></category>
						<wp:postmeta>
		<wp:meta_key><![CDATA[origin]]></wp:meta_key>
		<wp:meta_value><![CDATA[theme]]></wp:meta_value>
		</wp:postmeta>
							<wp:postmeta>
		<wp:meta_key><![CDATA[_publicize_pending]]></wp:meta_key>
		<wp:meta_value><![CDATA[1]]></wp:meta_value>
		</wp:postmeta>
							</item>
				</channel>
</rss>
	